{
"__comment": "Designed by Mrgarretto with BDcraft Cubik PRO 0.96 Beta - http://bdcraft.net",
"textures": {
    "particle": "items/beach_bucket",
    "texture": "items/beach_bucket",
    "sand": "atlas/sand"
},
"elements": [ 
{
    "from": [ 0, 0, 0 ],
    "to": [ 16, 2, 16 ],
    "faces": {
        "down":  { "uv": [ 7, 10, 8, 11 ], "texture": "#texture" },
        "up":    { "uv": [ 7, 10, 8, 11 ], "texture": "#texture" },
        "north": { "uv": [ 7, 10, 8, 11 ], "texture": "#texture" },
        "south": { "uv": [ 7, 10, 8, 11 ], "texture": "#texture" },
        "west":  { "uv": [ 7, 10, 8, 11 ], "texture": "#texture" },
        "east":  { "uv": [ 7, 10, 8, 11 ], "texture": "#texture" }
    }
},
{
    "from": [ 0, 2, 0 ],
    "to": [ 16, 16, 2 ],
    "faces": {
        "up":    { "uv": [ 7, 10, 8, 11 ], "texture": "#texture" },
        "north": { "uv": [ 7, 10, 8, 11 ], "texture": "#texture" },
        "south": { "uv": [ 7, 10, 8, 11 ], "texture": "#texture" },
        "west":  { "uv": [ 7, 10, 8, 11 ], "texture": "#texture" },
        "east":  { "uv": [ 7, 10, 8, 11 ], "texture": "#texture" }
    }
},
{
    "from": [ 0, 2, 14 ],
    "to": [ 16, 16, 16 ],
    "faces": {
        "up":    { "uv": [ 7, 10, 8, 11 ], "texture": "#texture" },
        "north": { "uv": [ 7, 10, 8, 11 ], "texture": "#texture" },
        "south": { "uv": [ 7, 10, 8, 11 ], "texture": "#texture" },
        "west":  { "uv": [ 7, 10, 8, 11 ], "texture": "#texture" },
        "east":  { "uv": [ 7, 10, 8, 11 ], "texture": "#texture" }
    }
},
{
    "from": [ 0, 2, 2 ],
    "to": [ 2, 16, 14 ],
    "faces": {
        "up":    { "uv": [ 7, 10, 8, 11 ], "texture": "#texture" },
        "west":  { "uv": [ 7, 10, 8, 11 ], "texture": "#texture" },
        "east":  { "uv": [ 7, 10, 8, 11 ], "texture": "#texture" }
    }
},
{
    "from": [ 14, 2, 2 ],
    "to": [ 16, 16, 14 ],
    "faces": {
        "up":    { "uv": [ 7, 10, 8, 11 ], "texture": "#texture" },
        "west":  { "uv": [ 7, 10, 8, 11 ], "texture": "#texture" },
        "east":  { "uv": [ 7, 10, 8, 11 ], "texture": "#texture" }
    }
},
{
    "from": [ 16, 13.5, -1.5 ],
    "to": [ 17.5, 16, 17.5 ],
    "faces": {
        "down":  { "uv": [ 7, 8, 8, 9 ], "texture": "#texture" },
        "up":    { "uv": [ 7, 8, 8, 9 ], "texture": "#texture" },
        "north": { "uv": [ 7, 8, 8, 9 ], "texture": "#texture" },
        "south": { "uv": [ 7, 8, 8, 9 ], "texture": "#texture" },
        "west":  { "uv": [ 7, 8, 8, 9 ], "texture": "#texture" },
        "east":  { "uv": [ 7, 8, 8, 9 ], "texture": "#texture" }
    }
},
{
    "from": [ -1.5, 13.5, -1.5 ],
    "to": [ 0, 16, 17.5 ],
    "faces": {
        "down":  { "uv": [ 7, 8, 8, 9 ], "texture": "#texture" },
        "up":    { "uv": [ 7, 8, 8, 9 ], "texture": "#texture" },
        "north": { "uv": [ 7, 8, 8, 9 ], "texture": "#texture" },
        "south": { "uv": [ 7, 8, 8, 9 ], "texture": "#texture" },
        "west":  { "uv": [ 7, 8, 8, 9 ], "texture": "#texture" },
        "east":  { "uv": [ 7, 8, 8, 9 ], "texture": "#texture" }
    }
},
{
    "from": [ 0, 13.5, -1.5 ],
    "to": [ 16, 16, 0 ],
    "faces": {
        "down":  { "uv": [ 7, 8, 8, 9 ], "texture": "#texture" },
        "up":    { "uv": [ 7, 8, 8, 9 ], "texture": "#texture" },
        "north": { "uv": [ 7, 8, 8, 9 ], "texture": "#texture" }
    }
},
{
    "from": [ 0, 13.5, 16 ],
    "to": [ 16, 16, 17.5 ],
    "faces": {
        "down":  { "uv": [ 7, 8, 8, 9 ], "texture": "#texture" },
        "up":    { "uv": [ 7, 8, 8, 9 ], "texture": "#texture" },
        "south": { "uv": [ 7, 8, 8, 9 ], "texture": "#texture" }
    }
},
{
    "from": [ 2, 2, 2 ],
    "to": [ 14, 6, 14 ],
    "faces": {
        "up":    { "uv": [ 2, 2, 14, 14 ], "texture": "#sand" }
    }
}
],
"display": {
    "head": {
        "rotation": [ 0, 0, 0 ],
        "translation": [ 0, 0, 0 ],
        "scale": [ 0.9, 0.9, 0.9 ]
    }
}
}