{
"__comment": "Designed by Mrgarretto with BDcraft Cubik PRO 0.96 Beta - http://bdcraft.net",
"textures": {
    "particle": "atlas/sand",
    "texture": "atlas/sand"
},
"elements": [ 
{
    "from": [ -1, 0, -1 ],
    "to": [ 17, 16.5, 17 ],
    "faces": {
        "down":  { "uv": [ 16, 16, 0, 0 ], "texture": "#texture" },
        "north": { "uv": [ 16, 0, 0, 16 ], "texture": "#texture" },
        "south": { "uv": [ 0, 0, 16, 16 ], "texture": "#texture" },
        "west":  { "uv": [ 0, 0, 16, 16 ], "texture": "#texture" },
        "east":  { "uv": [ 16, 0, 0, 16 ], "texture": "#texture" }
    }
},
{
    "from": [ -2, 16.5, -2 ],
    "to": [ 18, 19.5, 18 ],
    "faces": {
        "down":  { "uv": [ 16, 16, 0, 0 ], "texture": "#texture" },
        "up":    { "uv": [ 0, 0, 16, 16 ], "texture": "#texture" },
        "north": { "uv": [ 16, 0, 0, 2 ], "texture": "#texture" },
        "south": { "uv": [ 16, 0, 0, 2 ], "texture": "#texture" },
        "west":  { "uv": [ 0, 0, 16, 2 ], "texture": "#texture" },
        "east":  { "uv": [ 0, 0, 16, 2 ], "texture": "#texture" }
    }
},
{
    "from": [ 9, 0, 10 ],
    "to": [ 21, 22, 21.5 ],
    "faces": {
        "down":  { "uv": [ 7, 16, 0, 10 ], "texture": "#texture" },
        "north": { "uv": [ 16, 0, 9, 16 ], "texture": "#texture" },
        "south": { "uv": [ 9, 0, 16, 16 ], "texture": "#texture" },
        "west":  { "uv": [ 10, 0, 16, 16 ], "texture": "#texture" },
        "east":  { "uv": [ 16, 0, 10, 16 ], "texture": "#texture" }
    }
},
{
    "from": [ -2, 19.5, 14.5 ],
    "to": [ -0.5, 21.5, 18 ],
    "faces": {
        "up":    { "uv": [ 0, 12.5, 1.5, 16 ], "texture": "#texture" },
        "north": { "uv": [ 0, 0, 1.5, 2 ], "texture": "#texture" },
        "south": { "uv": [ 0, 0, 1.5, 2 ], "texture": "#texture" },
        "west":  { "uv": [ 12.5, 0, 16, 2 ], "texture": "#texture" },
        "east":  { "uv": [ 12.5, 0, 16, 2 ], "texture": "#texture" }
    }
},
{
    "from": [ -0.5, 19.5, -2 ],
    "to": [ 2.5, 21.5, -0.5 ],
    "faces": {
        "up":    { "uv": [ 0, 0, 3, 1.5 ], "texture": "#texture" },
        "north": { "uv": [ 0, 0, 3, 2 ], "texture": "#texture" },
        "south": { "uv": [ 0, 0, 3, 2 ], "texture": "#texture" },
        "west":  { "uv": [ 0, 0, 1.5, 2 ], "texture": "#texture" },
        "east":  { "uv": [ 0, 0, 1.5, 2 ], "texture": "#texture" }
    }
},
{
    "from": [ 4, 19.5, -2 ],
    "to": [ 8, 21.5, -0.5 ],
    "faces": {
        "up":    { "uv": [ 4, 0, 8, 1.5 ], "texture": "#texture" },
        "north": { "uv": [ 4, 0, 8, 2 ], "texture": "#texture" },
        "south": { "uv": [ 4, 0, 8, 2 ], "texture": "#texture" },
        "west":  { "uv": [ 0, 0, 1.5, 2 ], "texture": "#texture" },
        "east":  { "uv": [ 0, 0, 1.5, 2 ], "texture": "#texture" }
    }
},
{
    "from": [ 9.5, 19.5, -2 ],
    "to": [ 13.5, 21.5, -0.5 ],
    "faces": {
        "up":    { "uv": [ 9.5, 0, 13.5, 1.5 ], "texture": "#texture" },
        "north": { "uv": [ 9.5, 0, 13.5, 2 ], "texture": "#texture" },
        "south": { "uv": [ 9.5, 0, 13.5, 2 ], "texture": "#texture" },
        "west":  { "uv": [ 0, 0, 1.5, 2 ], "texture": "#texture" },
        "east":  { "uv": [ 0, 0, 1.5, 2 ], "texture": "#texture" }
    }
},
{
    "from": [ 15, 19.5, -2 ],
    "to": [ 18, 21.5, -0.5 ],
    "faces": {
        "up":    { "uv": [ 15, 0, 16, 0 ], "texture": "#texture" },
        "north": { "uv": [ 0, 0, 1, 0 ], "texture": "#texture" },
        "south": { "uv": [ 15, 0, 16, 0 ], "texture": "#texture" },
        "west":  { "uv": [ 0, 0, 0, 0 ], "texture": "#texture" },
        "east":  { "uv": [ 16, 0, 16, 0 ], "texture": "#texture" }
    }
},
{
    "from": [ 14, 24.5, 10 ],
    "to": [ 17.5, 26.5, 11.5 ],
    "faces": {
        "up":    { "uv": [ 12.5, 10, 16, 11.5 ], "texture": "#texture" },
        "north": { "uv": [ 12.5, 0, 16, 2 ], "texture": "#texture" },
        "south": { "uv": [ 12.5, 0, 16, 2 ], "texture": "#texture" },
        "west":  { "uv": [ 10, 0, 11.5, 2 ], "texture": "#texture" },
        "east":  { "uv": [ 10, 0, 11.5, 2 ], "texture": "#texture" }
    }
},
{
    "from": [ 19, 24.5, 10 ],
    "to": [ 21, 26.5, 11.5 ],
    "faces": {
        "up":    { "uv": [ 14, 9.5, 16, 11 ], "texture": "#texture" },
        "north": { "uv": [ 14, 0, 16, 2 ], "texture": "#texture" },
        "south": { "uv": [ 14, 0, 16, 2 ], "texture": "#texture" },
        "west":  { "uv": [ 10, 0, 11.5, 2 ], "texture": "#texture" },
        "east":  { "uv": [ 10, 0, 11.5, 2 ], "texture": "#texture" }
    }
},
{
    "from": [ 8, 22, 9 ],
    "to": [ 22, 24.5, 22.5 ],
    "faces": {
        "down":  { "uv": [ 2, 2.5, 16, 16 ], "texture": "#texture" },
        "up":    { "uv": [ 2, 2.5, 16, 16 ], "texture": "#texture" },
        "north": { "uv": [ 2, 0, 16, 2.5 ], "texture": "#texture" },
        "south": { "uv": [ 2, 0, 16, 2.5 ], "texture": "#texture" },
        "west":  { "uv": [ 2.5, 0, 16, 2.5 ], "texture": "#texture" },
        "east":  { "uv": [ 2.5, 0, 16, 2.5 ], "texture": "#texture" }
    }
},
{
    "from": [ -12.5, 0, -11.5 ],
    "to": [ 8, 8.5, -8.5 ],
    "faces": {
        "down":  { "uv": [ 0, 0, 16, 3 ], "texture": "#texture" },
        "up":    { "uv": [ 0, 0, 16, 3 ], "texture": "#texture" },
        "north": { "uv": [ 0, 7.5, 16, 16 ], "texture": "#texture" },
        "south": { "uv": [ 0, 7.5, 16, 16 ], "texture": "#texture" },
        "west":  { "uv": [ 0, 7.5, 3, 16 ], "texture": "#texture" },
        "east":  { "uv": [ 0, 7.5, 3, 16 ], "texture": "#texture" }
    }
},
{
    "from": [ 3, 19.5, 3 ],
    "to": [ 13, 30, 12.5 ],
    "faces": {
        "north": { "uv": [ 3, 0, 13, 10.5 ], "texture": "#texture" },
        "south": { "uv": [ 3, 0, 13, 10.5 ], "texture": "#texture" },
        "west":  { "uv": [ 3, 0, 12.5, 10.5 ], "texture": "#texture" },
        "east":  { "uv": [ 3, 0, 12.5, 10.5 ], "texture": "#texture" }
    }
},
{
    "from": [ 2, 30, 2 ],
    "to": [ 14, 31, 13.5 ],
    "faces": {
        "down":  { "uv": [ 14, 13.5, 2, 2 ], "texture": "#texture" },
        "up":    { "uv": [ 2, 2, 14, 13.5 ], "texture": "#texture" },
        "north": { "uv": [ 14, 0, 2, 0 ], "texture": "#texture" },
        "south": { "uv": [ 2, 0, 14, 0 ], "texture": "#texture" },
        "west":  { "uv": [ 2, 0, 13.5, 0 ], "texture": "#texture" },
        "east":  { "uv": [ 13.5, 0, 2, 0 ], "texture": "#texture" }
    }
},
{
    "from": [ 2, 31, 2 ],
    "to": [ 3.5, 32, 4.5 ],
    "faces": {
        "up":    { "uv": [ 2, 2, 3.5, 4.5 ], "texture": "#texture" },
        "north": { "uv": [ 2, 0, 3.5, 1 ], "texture": "#texture" },
        "south": { "uv": [ 2, 0, 3.5, 1 ], "texture": "#texture" },
        "west":  { "uv": [ 2, 0, 4.5, 1 ], "texture": "#texture" },
        "east":  { "uv": [ 2, 0, 4.5, 1 ], "texture": "#texture" }
    }
},
{
    "from": [ 2, 31, 6 ],
    "to": [ 3.5, 32, 8.5 ],
    "faces": {
        "up":    { "uv": [ 2, 6, 3.5, 8.5 ], "texture": "#texture" },
        "north": { "uv": [ 2, 0, 3.5, 1 ], "texture": "#texture" },
        "south": { "uv": [ 2, 0, 3.5, 1 ], "texture": "#texture" },
        "west":  { "uv": [ 6, 0, 8.5, 1 ], "texture": "#texture" },
        "east":  { "uv": [ 6, 0, 8.5, 1 ], "texture": "#texture" }
    }
},
{
    "from": [ 2, 31, 10 ],
    "to": [ 3.5, 32, 12.5 ],
    "faces": {
        "up":    { "uv": [ 2, 10, 3.5, 12.5 ], "texture": "#texture" },
        "north": { "uv": [ 2, 0, 3.5, 1 ], "texture": "#texture" },
        "south": { "uv": [ 2, 0, 3.5, 1 ], "texture": "#texture" },
        "west":  { "uv": [ 10, 0, 12.5, 1 ], "texture": "#texture" },
        "east":  { "uv": [ 10, 0, 12.5, 1 ], "texture": "#texture" }
    }
},
{
    "from": [ 4.5, 31, 12 ],
    "to": [ 7, 32, 13.5 ],
    "faces": {
        "up":    { "uv": [ 4.5, 12, 7, 13.5 ], "texture": "#texture" },
        "north": { "uv": [ 4.5, 0, 7, 1 ], "texture": "#texture" },
        "south": { "uv": [ 4.5, 0, 7, 1 ], "texture": "#texture" },
        "west":  { "uv": [ 12, 0, 13.5, 1 ], "texture": "#texture" },
        "east":  { "uv": [ 12, 0, 13.5, 1 ], "texture": "#texture" }
    }
},
{
    "from": [ 8.5, 31, 12 ],
    "to": [ 11, 32, 13.5 ],
    "faces": {
        "up":    { "uv": [ 8.5, 12, 11, 13.5 ], "texture": "#texture" },
        "north": { "uv": [ 8.5, 0, 11, 1 ], "texture": "#texture" },
        "south": { "uv": [ 8.5, 0, 11, 1 ], "texture": "#texture" },
        "west":  { "uv": [ 12, 0, 13.5, 1 ], "texture": "#texture" },
        "east":  { "uv": [ 12, 0, 13.5, 1 ], "texture": "#texture" }
    }
},
{
    "from": [ 12.5, 31, 11 ],
    "to": [ 14, 32, 13.5 ],
    "faces": {
        "up":    { "uv": [ 12.5, 11, 14, 13.5 ], "texture": "#texture" },
        "north": { "uv": [ 12.5, 0, 14, 1 ], "texture": "#texture" },
        "south": { "uv": [ 12.5, 0, 14, 1 ], "texture": "#texture" },
        "west":  { "uv": [ 11, 0, 13.5, 1 ], "texture": "#texture" },
        "east":  { "uv": [ 11, 0, 13.5, 1 ], "texture": "#texture" }
    }
},
{
    "from": [ 12.5, 31, 7 ],
    "to": [ 14, 32, 9.5 ],
    "faces": {
        "up":    { "uv": [ 12.5, 7, 14, 9.5 ], "texture": "#texture" },
        "north": { "uv": [ 12.5, 0, 14, 1 ], "texture": "#texture" },
        "south": { "uv": [ 12.5, 0, 14, 1 ], "texture": "#texture" },
        "west":  { "uv": [ 7, 0, 9.5, 1 ], "texture": "#texture" },
        "east":  { "uv": [ 7, 0, 9.5, 1 ], "texture": "#texture" }
    }
},
{
    "from": [ 12.5, 31, 2.5 ],
    "to": [ 14, 32, 5 ],
    "faces": {
        "up":    { "uv": [ 12.5, 2.5, 14, 5 ], "texture": "#texture" },
        "north": { "uv": [ 12.5, 0, 14, 1 ], "texture": "#texture" },
        "south": { "uv": [ 12.5, 0, 14, 1 ], "texture": "#texture" },
        "west":  { "uv": [ 2.5, 0, 5, 1 ], "texture": "#texture" },
        "east":  { "uv": [ 2.5, 0, 5, 1 ], "texture": "#texture" }
    }
},
{
    "from": [ 5, 31, 2 ],
    "to": [ 7.5, 32, 3.5 ],
    "faces": {
        "up":    { "uv": [ 5, 2, 7.5, 3.5 ], "texture": "#texture" },
        "north": { "uv": [ 5, 0, 7.5, 1 ], "texture": "#texture" },
        "south": { "uv": [ 5, 0, 7.5, 1 ], "texture": "#texture" },
        "west":  { "uv": [ 2, 0, 3.5, 1 ], "texture": "#texture" },
        "east":  { "uv": [ 2, 0, 3.5, 1 ], "texture": "#texture" }
    }
},
{
    "from": [ 9, 31, 2 ],
    "to": [ 11.5, 32, 3.5 ],
    "faces": {
        "up":    { "uv": [ 9, 2, 11.5, 3.5 ], "texture": "#texture" },
        "north": { "uv": [ 9, 0, 11.5, 1 ], "texture": "#texture" },
        "south": { "uv": [ 9, 0, 11.5, 1 ], "texture": "#texture" },
        "west":  { "uv": [ 2, 0, 3.5, 1 ], "texture": "#texture" },
        "east":  { "uv": [ 2, 0, 3.5, 1 ], "texture": "#texture" }
    }
},
{
    "from": [ -12.5, 0, -8.5 ],
    "to": [ -9.5, 8.5, 4.5 ],
    "faces": {
        "down":  { "uv": [ -12.5, -8.5, -9.5, 4.5 ], "texture": "#texture" },
        "up":    { "uv": [ 0, 0, 3, 13 ], "texture": "#texture" },
        "south": { "uv": [ 0, 7.5, 3, 16 ], "texture": "#texture" },
        "west":  { "uv": [ 0, 7.5, 13, 16 ], "texture": "#texture" },
        "east":  { "uv": [ 0, 7.5, 13, 16 ], "texture": "#texture" }
    }
},
{
    "from": [ -12.5, 0, 13.5 ],
    "to": [ -9.5, 8.5, 29 ],
    "faces": {
        "down":  { "uv": [ 0, 0.5, 3, 16 ], "texture": "#texture" },
        "up":    { "uv": [ 0, 0.5, 3, 16 ], "texture": "#texture" },
        "north": { "uv": [ 0, 7.5, 3, 16 ], "texture": "#texture" },
        "south": { "uv": [ 0, 7.5, 3, 16 ], "texture": "#texture" },
        "west":  { "uv": [ 0.5, 7.5, 16, 16 ], "texture": "#texture" },
        "east":  { "uv": [ 0.5, 7.5, 16, 16 ], "texture": "#texture" }
    }
},
{
    "from": [ -12.5, 8.5, -4.5 ],
    "to": [ -9.5, 11, 20 ],
    "faces": {
        "down":  { "uv": [ -12.5, -4.5, -9.5, 20 ], "texture": "#texture" },
        "up":    { "uv": [ 0, 0, 3, 16 ], "texture": "#texture" },
        "north": { "uv": [ 0, 5, 3, 7.5 ], "texture": "#texture" },
        "south": { "uv": [ 0, 5, 3, 7.5 ], "texture": "#texture" },
        "west":  { "uv": [ 0, 5, 16, 7.5 ], "texture": "#texture" },
        "east":  { "uv": [ 0, 5, 16, 7.5 ], "texture": "#texture" }
    }
},
{
    "from": [ -12.5, 11, -0.5 ],
    "to": [ -9.5, 13.5, 15.5 ],
    "faces": {
        "up":    { "uv": [ 1.5, 0, 4.5, 16 ], "texture": "#texture" },
        "north": { "uv": [ 0, 2.5, 3, 5 ], "texture": "#texture" },
        "south": { "uv": [ 0, 2.5, 3, 5 ], "texture": "#texture" },
        "west":  { "uv": [ 0, 2.5, 16, 5 ], "texture": "#texture" },
        "east":  { "uv": [ 0, 2.5, 16, 5 ], "texture": "#texture" }
    }
},
{
    "from": [ -13, 7, -12 ],
    "to": [ -8, 10, -10 ],
    "faces": {
        "down":  { "uv": [ -13.5, -12, -8.5, -10 ], "texture": "#texture" },
        "up":    { "uv": [ 0, 0, 5, 2 ], "texture": "#texture" },
        "north": { "uv": [ 0, 6, 5, 9 ], "texture": "#texture" },
        "south": { "uv": [ 0, 6, 5, 9 ], "texture": "#texture" },
        "west":  { "uv": [ 0, 6, 2, 9 ], "texture": "#texture" },
        "east":  { "uv": [ 0, 6, 2, 9 ], "texture": "#texture" }
    }
},
{
    "from": [ -6.5, 7, -12 ],
    "to": [ -1.5, 10, -10 ],
    "faces": {
        "down":  { "uv": [ -6.5, -12, -1.5, -10 ], "texture": "#texture" },
        "up":    { "uv": [ 0, 0, 5, 2 ], "texture": "#texture" },
        "north": { "uv": [ 0, 6, 5, 9 ], "texture": "#texture" },
        "south": { "uv": [ 0, 6, 5, 9 ], "texture": "#texture" },
        "west":  { "uv": [ 0, 6, 2, 9 ], "texture": "#texture" },
        "east":  { "uv": [ 0, 6, 2, 9 ], "texture": "#texture" }
    }
},
{
    "from": [ 0.5, 7, -12 ],
    "to": [ 5.5, 10, -10 ],
    "faces": {
        "down":  { "uv": [ 0.5, 0, 5.5, 2 ], "texture": "#texture" },
        "up":    { "uv": [ 0.5, 0, 5.5, 2 ], "texture": "#texture" },
        "north": { "uv": [ 0.5, 6, 5.5, 9 ], "texture": "#texture" },
        "south": { "uv": [ 0.5, 6, 5.5, 9 ], "texture": "#texture" },
        "west":  { "uv": [ 0, 6, 2, 9 ], "texture": "#texture" },
        "east":  { "uv": [ 0, 6, 2, 9 ], "texture": "#texture" }
    }
},
{
    "from": [ 7.5, 7, -12 ],
    "to": [ 12.5, 10, -10 ],
    "faces": {
        "down":  { "uv": [ 7.5, 0, 12.5, 2 ], "texture": "#texture" },
        "up":    { "uv": [ 7.5, 0, 12.5, 2 ], "texture": "#texture" },
        "north": { "uv": [ 7.5, 6, 12.5, 9 ], "texture": "#texture" },
        "south": { "uv": [ 7.5, 6, 12.5, 9 ], "texture": "#texture" },
        "west":  { "uv": [ 0, 6, 2, 9 ], "texture": "#texture" },
        "east":  { "uv": [ 0, 6, 2, 9 ], "texture": "#texture" }
    }
},
{
    "from": [ 14.5, 7, -12 ],
    "to": [ 19.5, 10, -10 ],
    "faces": {
        "down":  { "uv": [ 9, 3.5, 14, 5.5 ], "texture": "#texture" },
        "up":    { "uv": [ 2.5, 6, 7.5, 8 ], "texture": "#texture" },
        "north": { "uv": [ 11, 6, 16, 9 ], "texture": "#texture" },
        "south": { "uv": [ 11, 6, 16, 9 ], "texture": "#texture" },
        "west":  { "uv": [ 0, 6, 2, 9 ], "texture": "#texture" },
        "east":  { "uv": [ 0, 6, 2, 9 ], "texture": "#texture" }
    }
},
{
    "from": [ 21.5, 7, -12 ],
    "to": [ 26.5, 10, -10 ],
    "faces": {
        "down":  { "uv": [ 7.5, 4, 12.5, 6 ], "texture": "#texture" },
        "up":    { "uv": [ 7.5, 4, 12.5, 6 ], "texture": "#texture" },
        "north": { "uv": [ 7.5, 8, 12.5, 11 ], "texture": "#texture" },
        "south": { "uv": [ 7.5, 8, 12.5, 11 ], "texture": "#texture" },
        "west":  { "uv": [ 0, 6, 2, 9 ], "texture": "#texture" },
        "east":  { "uv": [ 0, 6, 2, 9 ], "texture": "#texture" }
    }
},
{
    "from": [ 29, 7, -12 ],
    "to": [ 31, 10, -7 ],
    "faces": {
        "down":  { "uv": [ 13.5, 0.5, 15.5, 5.5 ], "texture": "#texture" },
        "up":    { "uv": [ 13.5, 0.5, 15.5, 5.5 ], "texture": "#texture" },
        "north": { "uv": [ 13.5, 6, 15.5, 9 ], "texture": "#texture" },
        "south": { "uv": [ 13.5, 6, 15.5, 9 ], "texture": "#texture" },
        "west":  { "uv": [ 0, 6, 5, 9 ], "texture": "#texture" },
        "east":  { "uv": [ 0, 6, 5, 9 ], "texture": "#texture" }
    }
},
{
    "from": [ 8, 0, -11.5 ],
    "to": [ 30.5, 8.5, -8.5 ],
    "faces": {
        "down":  { "uv": [ 0, 0, 16, 3 ], "texture": "#texture" },
        "up":    { "uv": [ 0, 0, 16, 3 ], "texture": "#texture" },
        "north": { "uv": [ 0, 7.5, 16, 16 ], "texture": "#texture" },
        "south": { "uv": [ 0, 7.5, 16, 16 ], "texture": "#texture" },
        "west":  { "uv": [ 0, 7.5, 3, 16 ], "texture": "#texture" },
        "east":  { "uv": [ 0, 7.5, 3, 16 ], "texture": "#texture" }
    }
},
{
    "from": [ -9.5, 0, 26 ],
    "to": [ 10.5, 8.5, 29 ],
    "faces": {
        "down":  { "uv": [ 0, 0, 16, 3 ], "texture": "#texture" },
        "up":    { "uv": [ 0, 0, 16, 3 ], "texture": "#texture" },
        "north": { "uv": [ 0, 7.5, 16, 16 ], "texture": "#texture" },
        "south": { "uv": [ 0, 7.5, 16, 16 ], "texture": "#texture" },
        "west":  { "uv": [ 0, 7.5, 3, 16 ], "texture": "#texture" },
        "east":  { "uv": [ 0, 7.5, 3, 16 ], "texture": "#texture" }
    }
},
{
    "from": [ 10.5, 0, 26 ],
    "to": [ 27.5, 8.5, 29 ],
    "faces": {
        "down":  { "uv": [ 0, 0, 16, 3 ], "texture": "#texture" },
        "up":    { "uv": [ 0, 0, 16, 3 ], "texture": "#texture" },
        "north": { "uv": [ 0, 7.5, 16, 16 ], "texture": "#texture" },
        "south": { "uv": [ 0, 7.5, 16, 16 ], "texture": "#texture" },
        "west":  { "uv": [ 0, 7.5, 3, 16 ], "texture": "#texture" },
        "east":  { "uv": [ 0, 7.5, 3, 16 ], "texture": "#texture" }
    }
},
{
    "from": [ 27.5, 0, 13.5 ],
    "to": [ 30.5, 8.5, 29 ],
    "faces": {
        "down":  { "uv": [ 0, 0, 3, 16 ], "texture": "#texture" },
        "up":    { "uv": [ 0, 0, 3, 16 ], "texture": "#texture" },
        "north": { "uv": [ 0, 7.5, 3, 16 ], "texture": "#texture" },
        "south": { "uv": [ 0, 7.5, 3, 16 ], "texture": "#texture" },
        "west":  { "uv": [ 0, 7.5, 16, 16 ], "texture": "#texture" },
        "east":  { "uv": [ 0, 7.5, 16, 16 ], "texture": "#texture" }
    }
},
{
    "from": [ 27.5, 0, -2 ],
    "to": [ 30.5, 8.5, 13.5 ],
    "faces": {
        "down":  { "uv": [ 0, 0, 3, 16 ], "texture": "#texture" },
        "up":    { "uv": [ 0, 0, 3, 16 ], "texture": "#texture" },
        "north": { "uv": [ 0, 7.5, 3, 16 ], "texture": "#texture" },
        "south": { "uv": [ 0, 7.5, 3, 16 ], "texture": "#texture" },
        "west":  { "uv": [ 0, 7.5, 16, 16 ], "texture": "#texture" },
        "east":  { "uv": [ 0, 7.5, 16, 16 ], "texture": "#texture" }
    }
},
{
    "from": [ 27.5, 0, -8.5 ],
    "to": [ 30.5, 8.5, -2 ],
    "faces": {
        "down":  { "uv": [ 13, 0, 16, 6.5 ], "texture": "#texture" },
        "up":    { "uv": [ 13, 0, 16, 6.5 ], "texture": "#texture" },
        "north": { "uv": [ 13, 7.5, 16, 16 ], "texture": "#texture" },
        "south": { "uv": [ 13, 7.5, 16, 16 ], "texture": "#texture" },
        "west":  { "uv": [ 0, 7.5, 6.5, 16 ], "texture": "#texture" },
        "east":  { "uv": [ 0, 7.5, 6.5, 16 ], "texture": "#texture" }
    }
},
{
    "from": [ 29, 7, -5.5 ],
    "to": [ 31, 10, -0.5 ],
    "faces": {
        "down":  { "uv": [ 13.5, 0.5, 15.5, 5.5 ], "texture": "#texture" },
        "up":    { "uv": [ 13.5, 0.5, 15.5, 5.5 ], "texture": "#texture" },
        "north": { "uv": [ 13.5, 6, 15.5, 9 ], "texture": "#texture" },
        "south": { "uv": [ 13.5, 6, 15.5, 9 ], "texture": "#texture" },
        "west":  { "uv": [ 0, 6, 5, 9 ], "texture": "#texture" },
        "east":  { "uv": [ 0, 6, 5, 9 ], "texture": "#texture" }
    }
},
{
    "from": [ 29, 7, 1.5 ],
    "to": [ 31, 10, 6.5 ],
    "faces": {
        "down":  { "uv": [ 13.5, 0.5, 15.5, 5.5 ], "texture": "#texture" },
        "up":    { "uv": [ 13.5, 0.5, 15.5, 5.5 ], "texture": "#texture" },
        "north": { "uv": [ 13.5, 6, 15.5, 9 ], "texture": "#texture" },
        "south": { "uv": [ 13.5, 6, 15.5, 9 ], "texture": "#texture" },
        "west":  { "uv": [ 0, 6, 5, 9 ], "texture": "#texture" },
        "east":  { "uv": [ 0, 6, 5, 9 ], "texture": "#texture" }
    }
},
{
    "from": [ 29, 7, 8 ],
    "to": [ 31, 10, 13 ],
    "faces": {
        "down":  { "uv": [ 13.5, 0.5, 15.5, 5.5 ], "texture": "#texture" },
        "up":    { "uv": [ 13.5, 0.5, 15.5, 5.5 ], "texture": "#texture" },
        "north": { "uv": [ 13.5, 6, 15.5, 9 ], "texture": "#texture" },
        "south": { "uv": [ 13.5, 6, 15.5, 9 ], "texture": "#texture" },
        "west":  { "uv": [ 0, 6, 5, 9 ], "texture": "#texture" },
        "east":  { "uv": [ 0, 6, 5, 9 ], "texture": "#texture" }
    }
},
{
    "from": [ 29, 7, 15 ],
    "to": [ 31, 10, 20 ],
    "faces": {
        "down":  { "uv": [ 13.5, 0.5, 15.5, 5.5 ], "texture": "#texture" },
        "up":    { "uv": [ 13.5, 0.5, 15.5, 5.5 ], "texture": "#texture" },
        "north": { "uv": [ 13.5, 6, 15.5, 9 ], "texture": "#texture" },
        "south": { "uv": [ 13.5, 6, 15.5, 9 ], "texture": "#texture" },
        "west":  { "uv": [ 0, 6, 5, 9 ], "texture": "#texture" },
        "east":  { "uv": [ 0, 6, 5, 9 ], "texture": "#texture" }
    }
},
{
    "from": [ 29, 7, 22 ],
    "to": [ 31, 10, 27 ],
    "faces": {
        "down":  { "uv": [ 13.5, 0.5, 15.5, 5.5 ], "texture": "#texture" },
        "up":    { "uv": [ 13.5, 0.5, 15.5, 5.5 ], "texture": "#texture" },
        "north": { "uv": [ 13.5, 6, 15.5, 9 ], "texture": "#texture" },
        "south": { "uv": [ 13.5, 6, 15.5, 9 ], "texture": "#texture" },
        "west":  { "uv": [ 0, 6, 5, 9 ], "texture": "#texture" },
        "east":  { "uv": [ 0, 6, 5, 9 ], "texture": "#texture" }
    }
},
{
    "from": [ 23, 7, 27.5 ],
    "to": [ 28, 10, 29.5 ],
    "faces": {
        "down":  { "uv": [ 7.5, 4, 12.5, 6 ], "texture": "#texture" },
        "up":    { "uv": [ 7.5, 4, 12.5, 6 ], "texture": "#texture" },
        "north": { "uv": [ 7.5, 8, 12.5, 11 ], "texture": "#texture" },
        "south": { "uv": [ 7.5, 8, 12.5, 11 ], "texture": "#texture" },
        "west":  { "uv": [ 0, 6, 2, 9 ], "texture": "#texture" },
        "east":  { "uv": [ 0, 6, 2, 9 ], "texture": "#texture" }
    }
},
{
    "from": [ 16, 7, 27.5 ],
    "to": [ 21, 10, 29.5 ],
    "faces": {
        "down":  { "uv": [ 7.5, 4, 12.5, 6 ], "texture": "#texture" },
        "up":    { "uv": [ 7.5, 4, 12.5, 6 ], "texture": "#texture" },
        "north": { "uv": [ 7.5, 8, 12.5, 11 ], "texture": "#texture" },
        "south": { "uv": [ 7.5, 8, 12.5, 11 ], "texture": "#texture" },
        "west":  { "uv": [ 0, 6, 2, 9 ], "texture": "#texture" },
        "east":  { "uv": [ 0, 6, 2, 9 ], "texture": "#texture" }
    }
},
{
    "from": [ 9, 7, 27.5 ],
    "to": [ 14, 10, 29.5 ],
    "faces": {
        "down":  { "uv": [ 7.5, 4, 12.5, 6 ], "texture": "#texture" },
        "up":    { "uv": [ 7.5, 4, 12.5, 6 ], "texture": "#texture" },
        "north": { "uv": [ 7.5, 8, 12.5, 11 ], "texture": "#texture" },
        "south": { "uv": [ 7.5, 8, 12.5, 11 ], "texture": "#texture" },
        "west":  { "uv": [ 0, 6, 2, 9 ], "texture": "#texture" },
        "east":  { "uv": [ 0, 6, 2, 9 ], "texture": "#texture" }
    }
},
{
    "from": [ 1.5, 7, 27.5 ],
    "to": [ 6.5, 10, 29.5 ],
    "faces": {
        "down":  { "uv": [ 7.5, 4, 12.5, 6 ], "texture": "#texture" },
        "up":    { "uv": [ 7.5, 4, 12.5, 6 ], "texture": "#texture" },
        "north": { "uv": [ 7.5, 8, 12.5, 11 ], "texture": "#texture" },
        "south": { "uv": [ 7.5, 8, 12.5, 11 ], "texture": "#texture" },
        "west":  { "uv": [ 0, 6, 2, 9 ], "texture": "#texture" },
        "east":  { "uv": [ 0, 6, 2, 9 ], "texture": "#texture" }
    }
},
{
    "from": [ -5, 7, 27.5 ],
    "to": [ 0, 10, 29.5 ],
    "faces": {
        "down":  { "uv": [ 7.5, 4, 12.5, 6 ], "texture": "#texture" },
        "up":    { "uv": [ 7.5, 4, 12.5, 6 ], "texture": "#texture" },
        "north": { "uv": [ 7.5, 8, 12.5, 11 ], "texture": "#texture" },
        "south": { "uv": [ 7.5, 8, 12.5, 11 ], "texture": "#texture" },
        "west":  { "uv": [ 0, 6, 2, 9 ], "texture": "#texture" },
        "east":  { "uv": [ 0, 6, 2, 9 ], "texture": "#texture" }
    }
},
{
    "from": [ -11.5, 7, 27.5 ],
    "to": [ -6.5, 10, 29.5 ],
    "faces": {
        "down":  { "uv": [ 7.5, 4, 12.5, 6 ], "texture": "#texture" },
        "up":    { "uv": [ 7.5, 4, 12.5, 6 ], "texture": "#texture" },
        "north": { "uv": [ 7.5, 8, 12.5, 11 ], "texture": "#texture" },
        "south": { "uv": [ 7.5, 8, 12.5, 11 ], "texture": "#texture" },
        "west":  { "uv": [ 0, 6, 2, 9 ], "texture": "#texture" },
        "east":  { "uv": [ 0, 6, 2, 9 ], "texture": "#texture" }
    }
},
{
    "from": [ -13, 7, 22.5 ],
    "to": [ -11, 10, 27.5 ],
    "faces": {
        "down":  { "uv": [ 13.5, 0.5, 15.5, 5.5 ], "texture": "#texture" },
        "up":    { "uv": [ 13.5, 0.5, 15.5, 5.5 ], "texture": "#texture" },
        "north": { "uv": [ 13.5, 6, 15.5, 9 ], "texture": "#texture" },
        "south": { "uv": [ 13.5, 6, 15.5, 9 ], "texture": "#texture" },
        "west":  { "uv": [ 0, 6, 5, 9 ], "texture": "#texture" },
        "east":  { "uv": [ 0, 6, 5, 9 ], "texture": "#texture" }
    }
},
{
    "from": [ -13, 7, -8.5 ],
    "to": [ -11, 10, -4.5 ],
    "faces": {
        "down":  { "uv": [ 13.5, 0.5, 15.5, 5.5 ], "texture": "#texture" },
        "up":    { "uv": [ 13.5, 0.5, 15.5, 5.5 ], "texture": "#texture" },
        "north": { "uv": [ 13.5, 6, 15.5, 9 ], "texture": "#texture" },
        "south": { "uv": [ 13.5, 6, 15.5, 9 ], "texture": "#texture" },
        "west":  { "uv": [ 0, 6, 5, 9 ], "texture": "#texture" },
        "east":  { "uv": [ 0, 6, 5, 9 ], "texture": "#texture" }
    }
},
{
    "from": [ -0.5, 19.5, 16.5 ],
    "to": [ 3, 21.5, 18 ],
    "faces": {
        "up":    { "uv": [ 4, 0, 8, 1.5 ], "texture": "#texture" },
        "north": { "uv": [ 4, 0, 8, 2 ], "texture": "#texture" },
        "south": { "uv": [ 4, 0, 8, 2 ], "texture": "#texture" },
        "west":  { "uv": [ 0, 0, 1.5, 2 ], "texture": "#texture" },
        "east":  { "uv": [ 0, 0, 1.5, 2 ], "texture": "#texture" }
    }
},
{
    "from": [ 5, 19.5, 16.5 ],
    "to": [ 8.5, 21.5, 18 ],
    "faces": {
        "up":    { "uv": [ 4, 0, 8, 1.5 ], "texture": "#texture" },
        "north": { "uv": [ 4, 0, 8, 2 ], "texture": "#texture" },
        "south": { "uv": [ 4, 0, 8, 2 ], "texture": "#texture" },
        "west":  { "uv": [ 0, 0, 1.5, 2 ], "texture": "#texture" },
        "east":  { "uv": [ 0, 0, 1.5, 2 ], "texture": "#texture" }
    }
},
{
    "from": [ -2, 19.5, 9.5 ],
    "to": [ -0.5, 21.5, 13 ],
    "faces": {
        "up":    { "uv": [ 0, 12.5, 1.5, 16 ], "texture": "#texture" },
        "north": { "uv": [ 0, 0, 1.5, 2 ], "texture": "#texture" },
        "south": { "uv": [ 0, 0, 1.5, 2 ], "texture": "#texture" },
        "west":  { "uv": [ 12.5, 0, 16, 2 ], "texture": "#texture" },
        "east":  { "uv": [ 12.5, 0, 16, 2 ], "texture": "#texture" }
    }
},
{
    "from": [ -2, 19.5, 4.5 ],
    "to": [ -0.5, 21.5, 8 ],
    "faces": {
        "up":    { "uv": [ 0, 12.5, 1.5, 16 ], "texture": "#texture" },
        "north": { "uv": [ 0, 0, 1.5, 2 ], "texture": "#texture" },
        "south": { "uv": [ 0, 0, 1.5, 2 ], "texture": "#texture" },
        "west":  { "uv": [ 12.5, 0, 16, 2 ], "texture": "#texture" },
        "east":  { "uv": [ 12.5, 0, 16, 2 ], "texture": "#texture" }
    }
},
{
    "from": [ -2, 19.5, -0.5 ],
    "to": [ -0.5, 21.5, 3 ],
    "faces": {
        "up":    { "uv": [ 0, 12.5, 1.5, 16 ], "texture": "#texture" },
        "north": { "uv": [ 0, 0, 1.5, 2 ], "texture": "#texture" },
        "south": { "uv": [ 0, 0, 1.5, 2 ], "texture": "#texture" },
        "west":  { "uv": [ 12.5, 0, 16, 2 ], "texture": "#texture" },
        "east":  { "uv": [ 12.5, 0, 16, 2 ], "texture": "#texture" }
    }
},
{
    "from": [ 16.5, 19.5, 0.5 ],
    "to": [ 18, 21.5, 4 ],
    "faces": {
        "up":    { "uv": [ 0, 12.5, 1.5, 16 ], "texture": "#texture" },
        "north": { "uv": [ 0, 0, 1.5, 2 ], "texture": "#texture" },
        "south": { "uv": [ 0, 0, 1.5, 2 ], "texture": "#texture" },
        "west":  { "uv": [ 12.5, 0, 16, 2 ], "texture": "#texture" },
        "east":  { "uv": [ 12.5, 0, 16, 2 ], "texture": "#texture" }
    }
},
{
    "from": [ 16.5, 19.5, 6 ],
    "to": [ 18, 21.5, 9.5 ],
    "faces": {
        "up":    { "uv": [ 0, 12.5, 1.5, 16 ], "texture": "#texture" },
        "north": { "uv": [ 0, 0, 1.5, 2 ], "texture": "#texture" },
        "south": { "uv": [ 0, 0, 1.5, 2 ], "texture": "#texture" },
        "west":  { "uv": [ 12.5, 0, 16, 2 ], "texture": "#texture" },
        "east":  { "uv": [ 12.5, 0, 16, 2 ], "texture": "#texture" }
    }
},
{
    "from": [ 9, 24.5, 20 ],
    "to": [ 12.5, 26.5, 21.5 ],
    "faces": {
        "up":    { "uv": [ 12.5, 10, 16, 11.5 ], "texture": "#texture" },
        "north": { "uv": [ 12.5, 0, 16, 2 ], "texture": "#texture" },
        "south": { "uv": [ 12.5, 0, 16, 2 ], "texture": "#texture" },
        "west":  { "uv": [ 10, 0, 11.5, 2 ], "texture": "#texture" },
        "east":  { "uv": [ 10, 0, 11.5, 2 ], "texture": "#texture" }
    }
},
{
    "from": [ 14.5, 24.5, 20 ],
    "to": [ 18, 26.5, 21.5 ],
    "faces": {
        "up":    { "uv": [ 12.5, 10, 16, 11.5 ], "texture": "#texture" },
        "north": { "uv": [ 12.5, 0, 16, 2 ], "texture": "#texture" },
        "south": { "uv": [ 12.5, 0, 16, 2 ], "texture": "#texture" },
        "west":  { "uv": [ 10, 0, 11.5, 2 ], "texture": "#texture" },
        "east":  { "uv": [ 10, 0, 11.5, 2 ], "texture": "#texture" }
    }
},
{
    "from": [ 9, 24.5, 12 ],
    "to": [ 10.5, 26.5, 15 ],
    "faces": {
        "up":    { "uv": [ 9, 12, 10.5, 15 ], "texture": "#texture" },
        "north": { "uv": [ 9, 0, 10.5, 2 ], "texture": "#texture" },
        "south": { "uv": [ 9, 0, 10.5, 2 ], "texture": "#texture" },
        "west":  { "uv": [ 12, 0, 15, 2 ], "texture": "#texture" },
        "east":  { "uv": [ 12, 0, 15, 2 ], "texture": "#texture" }
    }
},
{
    "from": [ 19.5, 24.5, 11.5 ],
    "to": [ 21, 26.5, 14 ],
    "faces": {
        "up":    { "uv": [ 9, 12, 10.5, 15 ], "texture": "#texture" },
        "north": { "uv": [ 9, 0, 10.5, 2 ], "texture": "#texture" },
        "south": { "uv": [ 9, 0, 10.5, 2 ], "texture": "#texture" },
        "west":  { "uv": [ 12, 0, 15, 2 ], "texture": "#texture" },
        "east":  { "uv": [ 12, 0, 15, 2 ], "texture": "#texture" }
    }
},
{
    "from": [ 19.5, 24.5, 15 ],
    "to": [ 21, 26.5, 18 ],
    "faces": {
        "up":    { "uv": [ 9, 12, 10.5, 15 ], "texture": "#texture" },
        "north": { "uv": [ 9, 0, 10.5, 2 ], "texture": "#texture" },
        "south": { "uv": [ 9, 0, 10.5, 2 ], "texture": "#texture" },
        "west":  { "uv": [ 12, 0, 15, 2 ], "texture": "#texture" },
        "east":  { "uv": [ 12, 0, 15, 2 ], "texture": "#texture" }
    }
},
{
    "from": [ 19.5, 24.5, 19 ],
    "to": [ 21, 26.5, 21.5 ],
    "faces": {
        "up":    { "uv": [ 9, 12, 10.5, 15 ], "texture": "#texture" },
        "north": { "uv": [ 9, 0, 10.5, 2 ], "texture": "#texture" },
        "south": { "uv": [ 9, 0, 10.5, 2 ], "texture": "#texture" },
        "west":  { "uv": [ 12, 0, 15, 2 ], "texture": "#texture" },
        "east":  { "uv": [ 12, 0, 15, 2 ], "texture": "#texture" }
    }
},
{
    "from": [ 9, 24.5, 16 ],
    "to": [ 10.5, 26.5, 19 ],
    "faces": {
        "up":    { "uv": [ 9, 12, 10.5, 15 ], "texture": "#texture" },
        "north": { "uv": [ 9, 0, 10.5, 2 ], "texture": "#texture" },
        "south": { "uv": [ 9, 0, 10.5, 2 ], "texture": "#texture" },
        "west":  { "uv": [ 12, 0, 15, 2 ], "texture": "#texture" },
        "east":  { "uv": [ 12, 0, 15, 2 ], "texture": "#texture" }
    }
}
]
}