{
"__comment": "Designed by Mrgarretto with BDcraft Cubik PRO 0.96 Beta - http://bdcraft.net",
"textures": {
    "particle": "atlas/sand",
    "texture": "atlas/sand"
},
"elements": [ 
{
    "from": [ -1, 0, -1 ],
    "to": [ 17, 16.5, 17 ],
    "faces": {
        "down":  { "uv": [ 16, 16, 0, 0 ], "texture": "#texture" },
        "up":    { "uv": [ 0, 0, 16, 16 ], "texture": "#texture" },
        "north": { "uv": [ 0, 0, 16, 16 ], "texture": "#texture" },
        "south": { "uv": [ 0, 0, 16, 16 ], "texture": "#texture" },
        "west":  { "uv": [ 0, 0, 16, 16 ], "texture": "#texture" },
        "east":  { "uv": [ 0, 0, 16, 16 ], "texture": "#texture" }
    }
},
{
    "from": [ -2, 16.5, -2 ],
    "to": [ 18, 19.5, 18 ],
    "faces": {
        "down":  { "uv": [ 0, 0, 16, 15.5 ], "texture": "#texture" },
        "up":    { "uv": [ 0, 0, 16, 15.5 ], "texture": "#texture" },
        "north": { "uv": [ 0, 0, 16, 3 ], "texture": "#texture" },
        "south": { "uv": [ 0, 0, 16, 3 ], "texture": "#texture" },
        "west":  { "uv": [ 0, 0, 16, 3 ], "texture": "#texture" },
        "east":  { "uv": [ 0, 0, 16, 3 ], "texture": "#texture" }
    }
},
{
    "from": [ 9, 0, 10 ],
    "to": [ 21, 22, 21.5 ],
    "faces": {
        "down":  { "uv": [ 7, 16, 0, 10 ], "texture": "#texture" },
        "up":    { "uv": [ 9, 10, 16, 16 ], "texture": "#texture" },
        "north": { "uv": [ 0, 0, 7, 16 ], "texture": "#texture" },
        "south": { "uv": [ 9, 0, 16, 16 ], "texture": "#texture" },
        "west":  { "uv": [ 10, 0, 16, 16 ], "texture": "#texture" },
        "east":  { "uv": [ 0, 0, 6, 16 ], "texture": "#texture" }
    }
},
{
    "from": [ -2, 19.5, -2 ],
    "to": [ -0.5, 21.5, 2 ],
    "faces": {
        "down":  { "uv": [ 0, 0, 1.5, 4 ], "texture": "#texture" },
        "up":    { "uv": [ 0, 0, 1.5, 4 ], "texture": "#texture" },
        "north": { "uv": [ 0, 0, 1.5, 2 ], "texture": "#texture" },
        "south": { "uv": [ 0, 0, 1.5, 2 ], "texture": "#texture" },
        "west":  { "uv": [ 0, 0, 4, 2 ], "texture": "#texture" },
        "east":  { "uv": [ 0, 0, 4, 2 ], "texture": "#texture" }
    }
},
{
    "from": [ -0.5, 19.5, -2 ],
    "to": [ 2.5, 21.5, -0.5 ],
    "faces": {
        "down":  { "uv": [ 0, 0, 3, 1.5 ], "texture": "#texture" },
        "up":    { "uv": [ 0, 0, 3, 1.5 ], "texture": "#texture" },
        "north": { "uv": [ 0, 0, 3, 2 ], "texture": "#texture" },
        "south": { "uv": [ 0, 0, 3, 2 ], "texture": "#texture" },
        "west":  { "uv": [ 0, 0, 1.5, 2 ], "texture": "#texture" },
        "east":  { "uv": [ 0, 0, 1.5, 2 ], "texture": "#texture" }
    }
},
{
    "from": [ 4, 19.5, -2 ],
    "to": [ 8, 21.5, -0.5 ],
    "faces": {
        "down":  { "uv": [ 4, 0, 8, 1.5 ], "texture": "#texture" },
        "up":    { "uv": [ 4, 0, 8, 1.5 ], "texture": "#texture" },
        "north": { "uv": [ 4, 0, 8, 2 ], "texture": "#texture" },
        "south": { "uv": [ 4, 0, 8, 2 ], "texture": "#texture" },
        "west":  { "uv": [ 0, 0, 1.5, 2 ], "texture": "#texture" },
        "east":  { "uv": [ 0, 0, 1.5, 2 ], "texture": "#texture" }
    }
},
{
    "from": [ 9, 24.5, 10 ],
    "to": [ 12.5, 26.5, 11.5 ],
    "faces": {
        "down":  { "uv": [ 9, 10, 12.5, 11.5 ], "texture": "#texture" },
        "up":    { "uv": [ 9, 10, 12.5, 11.5 ], "texture": "#texture" },
        "north": { "uv": [ 9, 0, 12.5, 2 ], "texture": "#texture" },
        "south": { "uv": [ 9, 0, 12.5, 2 ], "texture": "#texture" },
        "west":  { "uv": [ 10, 0, 11.5, 2 ], "texture": "#texture" },
        "east":  { "uv": [ 10, 0, 11.5, 2 ], "texture": "#texture" }
    }
},
{
    "from": [ 19.5, 24.5, 11.5 ],
    "to": [ 21, 26.5, 14 ],
    "faces": {
        "down":  { "uv": [ 14, 11.5, 15.5, 14 ], "texture": "#texture" },
        "up":    { "uv": [ 14, 11, 15.5, 13.5 ], "texture": "#texture" },
        "north": { "uv": [ 13.5, 2.5, 15, 4.5 ], "texture": "#texture" },
        "south": { "uv": [ 13.5, 2.5, 15, 4.5 ], "texture": "#texture" },
        "west":  { "uv": [ 11.5, 0, 14, 2 ], "texture": "#texture" },
        "east":  { "uv": [ 11.5, 0, 14, 2 ], "texture": "#texture" }
    }
},
{
    "from": [ 8, 22, 9 ],
    "to": [ 22, 24.5, 22.5 ],
    "faces": {
        "down":  { "uv": [ 2, 2.5, 16, 16 ], "texture": "#texture" },
        "up":    { "uv": [ 2, 2.5, 16, 16 ], "texture": "#texture" },
        "north": { "uv": [ 2, 0, 16, 2.5 ], "texture": "#texture" },
        "south": { "uv": [ 2, 0, 16, 2.5 ], "texture": "#texture" },
        "west":  { "uv": [ 2.5, 0, 16, 2.5 ], "texture": "#texture" },
        "east":  { "uv": [ 2.5, 0, 16, 2.5 ], "texture": "#texture" }
    }
},
{
    "from": [ 9.5, 19.5, -2 ],
    "to": [ 13.5, 21.5, -0.5 ],
    "faces": {
        "down":  { "uv": [ 4, 0, 8, 1.5 ], "texture": "#texture" },
        "up":    { "uv": [ 4, 0, 8, 1.5 ], "texture": "#texture" },
        "north": { "uv": [ 4, 0, 8, 2 ], "texture": "#texture" },
        "south": { "uv": [ 4, 0, 8, 2 ], "texture": "#texture" },
        "west":  { "uv": [ 0, 0, 1.5, 2 ], "texture": "#texture" },
        "east":  { "uv": [ 0, 0, 1.5, 2 ], "texture": "#texture" }
    }
},
{
    "from": [ 14.5, 19.5, -2 ],
    "to": [ 18, 21.5, -0.5 ],
    "faces": {
        "down":  { "uv": [ 4, 0, 8, 1.5 ], "texture": "#texture" },
        "up":    { "uv": [ 4, 0, 8, 1.5 ], "texture": "#texture" },
        "north": { "uv": [ 4, 0, 8, 2 ], "texture": "#texture" },
        "south": { "uv": [ 4, 0, 8, 2 ], "texture": "#texture" },
        "west":  { "uv": [ 0, 0, 1.5, 2 ], "texture": "#texture" },
        "east":  { "uv": [ 0, 0, 1.5, 2 ], "texture": "#texture" }
    }
},
{
    "from": [ 0.5, 19.5, 16.5 ],
    "to": [ 4, 21.5, 18 ],
    "faces": {
        "down":  { "uv": [ 4, 0, 8, 1.5 ], "texture": "#texture" },
        "up":    { "uv": [ 4, 0, 8, 1.5 ], "texture": "#texture" },
        "north": { "uv": [ 4, 0, 8, 2 ], "texture": "#texture" },
        "south": { "uv": [ 4, 0, 8, 2 ], "texture": "#texture" },
        "west":  { "uv": [ 0, 0, 1.5, 2 ], "texture": "#texture" },
        "east":  { "uv": [ 0, 0, 1.5, 2 ], "texture": "#texture" }
    }
},
{
    "from": [ 5.5, 19.5, 16.5 ],
    "to": [ 9, 21.5, 18 ],
    "faces": {
        "down":  { "uv": [ 4, 0, 8, 1.5 ], "texture": "#texture" },
        "up":    { "uv": [ 4, 0, 8, 1.5 ], "texture": "#texture" },
        "north": { "uv": [ 4, 0, 8, 2 ], "texture": "#texture" },
        "south": { "uv": [ 4, 0, 8, 2 ], "texture": "#texture" },
        "west":  { "uv": [ 0, 0, 1.5, 2 ], "texture": "#texture" },
        "east":  { "uv": [ 0, 0, 1.5, 2 ], "texture": "#texture" }
    }
},
{
    "from": [ -2, 19.5, 3.5 ],
    "to": [ -0.5, 21.5, 7.5 ],
    "faces": {
        "down":  { "uv": [ 0, 0, 1.5, 4 ], "texture": "#texture" },
        "up":    { "uv": [ 0, 0, 1.5, 4 ], "texture": "#texture" },
        "north": { "uv": [ 0, 0, 1.5, 2 ], "texture": "#texture" },
        "south": { "uv": [ 0, 0, 1.5, 2 ], "texture": "#texture" },
        "west":  { "uv": [ 0, 0, 4, 2 ], "texture": "#texture" },
        "east":  { "uv": [ 0, 0, 4, 2 ], "texture": "#texture" }
    }
},
{
    "from": [ -2, 19.5, 9 ],
    "to": [ -0.5, 21.5, 13 ],
    "faces": {
        "down":  { "uv": [ 0, 0, 1.5, 4 ], "texture": "#texture" },
        "up":    { "uv": [ 0, 0, 1.5, 4 ], "texture": "#texture" },
        "north": { "uv": [ 0, 0, 1.5, 2 ], "texture": "#texture" },
        "south": { "uv": [ 0, 0, 1.5, 2 ], "texture": "#texture" },
        "west":  { "uv": [ 0, 0, 4, 2 ], "texture": "#texture" },
        "east":  { "uv": [ 0, 0, 4, 2 ], "texture": "#texture" }
    }
},
{
    "from": [ -2, 19.5, 14 ],
    "to": [ -0.5, 21.5, 18 ],
    "faces": {
        "down":  { "uv": [ 0, 0, 1.5, 4 ], "texture": "#texture" },
        "up":    { "uv": [ 0, 0, 1.5, 4 ], "texture": "#texture" },
        "north": { "uv": [ 0, 0, 1.5, 2 ], "texture": "#texture" },
        "south": { "uv": [ 0, 0, 1.5, 2 ], "texture": "#texture" },
        "west":  { "uv": [ 0, 0, 4, 2 ], "texture": "#texture" },
        "east":  { "uv": [ 0, 0, 4, 2 ], "texture": "#texture" }
    }
},
{
    "from": [ 16.5, 19.5, 1 ],
    "to": [ 18, 21.5, 5 ],
    "faces": {
        "down":  { "uv": [ 0, 0, 1.5, 4 ], "texture": "#texture" },
        "up":    { "uv": [ 0, 0, 1.5, 4 ], "texture": "#texture" },
        "north": { "uv": [ 0, 0, 1.5, 2 ], "texture": "#texture" },
        "south": { "uv": [ 0, 0, 1.5, 2 ], "texture": "#texture" },
        "west":  { "uv": [ 0, 0, 4, 2 ], "texture": "#texture" },
        "east":  { "uv": [ 0, 0, 4, 2 ], "texture": "#texture" }
    }
},
{
    "from": [ 16.5, 19.5, 7 ],
    "to": [ 18, 21.5, 11 ],
    "faces": {
        "down":  { "uv": [ 0, 0, 1.5, 4 ], "texture": "#texture" },
        "up":    { "uv": [ 0, 0, 1.5, 4 ], "texture": "#texture" },
        "north": { "uv": [ 0, 0, 1.5, 2 ], "texture": "#texture" },
        "south": { "uv": [ 0, 0, 1.5, 2 ], "texture": "#texture" },
        "west":  { "uv": [ 0, 0, 4, 2 ], "texture": "#texture" },
        "east":  { "uv": [ 0, 0, 4, 2 ], "texture": "#texture" }
    }
},
{
    "from": [ 14, 24.5, 10 ],
    "to": [ 17.5, 26.5, 11.5 ],
    "faces": {
        "down":  { "uv": [ 9, 10, 12.5, 11.5 ], "texture": "#texture" },
        "up":    { "uv": [ 9, 10, 12.5, 11.5 ], "texture": "#texture" },
        "north": { "uv": [ 9, 0, 12.5, 2 ], "texture": "#texture" },
        "south": { "uv": [ 9, 0, 12.5, 2 ], "texture": "#texture" },
        "west":  { "uv": [ 10, 0, 11.5, 2 ], "texture": "#texture" },
        "east":  { "uv": [ 10, 0, 11.5, 2 ], "texture": "#texture" }
    }
},
{
    "from": [ 18.5, 24.5, 10 ],
    "to": [ 21, 26.5, 11.5 ],
    "faces": {
        "down":  { "uv": [ 9, 10, 12, 11.5 ], "texture": "#texture" },
        "up":    { "uv": [ 9, 10, 12, 11.5 ], "texture": "#texture" },
        "north": { "uv": [ 9, 0, 12, 2 ], "texture": "#texture" },
        "south": { "uv": [ 9, 0, 12, 2 ], "texture": "#texture" },
        "west":  { "uv": [ 10, 0, 11.5, 2 ], "texture": "#texture" },
        "east":  { "uv": [ 10, 0, 11.5, 2 ], "texture": "#texture" }
    }
},
{
    "from": [ 17.5, 24.5, 20 ],
    "to": [ 21, 26.5, 21.5 ],
    "faces": {
        "down":  { "uv": [ 9, 10, 12.5, 11.5 ], "texture": "#texture" },
        "up":    { "uv": [ 9, 10, 12.5, 11.5 ], "texture": "#texture" },
        "north": { "uv": [ 9, 0, 12.5, 2 ], "texture": "#texture" },
        "south": { "uv": [ 9, 0, 12.5, 2 ], "texture": "#texture" },
        "west":  { "uv": [ 10, 0, 11.5, 2 ], "texture": "#texture" },
        "east":  { "uv": [ 10, 0, 11.5, 2 ], "texture": "#texture" }
    }
},
{
    "from": [ 12, 24.5, 20 ],
    "to": [ 16, 26.5, 21.5 ],
    "faces": {
        "down":  { "uv": [ 11, 14, 15, 15.5 ], "texture": "#texture" },
        "up":    { "uv": [ 11, 14, 15, 15.5 ], "texture": "#texture" },
        "north": { "uv": [ 12, 0, 16, 2 ], "texture": "#texture" },
        "south": { "uv": [ 12, 0, 16, 2 ], "texture": "#texture" },
        "west":  { "uv": [ 12.5, 2, 14, 4 ], "texture": "#texture" },
        "east":  { "uv": [ 12.5, 2, 14, 4 ], "texture": "#texture" }
    }
},
{
    "from": [ 19.5, 24.5, 15 ],
    "to": [ 21, 26.5, 19 ],
    "faces": {
        "down":  { "uv": [ 14, 10.5, 15.5, 14.5 ], "texture": "#texture" },
        "up":    { "uv": [ 14, 10.5, 15.5, 14.5 ], "texture": "#texture" },
        "north": { "uv": [ 14, 1.5, 15.5, 3.5 ], "texture": "#texture" },
        "south": { "uv": [ 14, 1.5, 15.5, 3.5 ], "texture": "#texture" },
        "west":  { "uv": [ 11.5, 1.5, 15.5, 3.5 ], "texture": "#texture" },
        "east":  { "uv": [ 11.5, 1.5, 15.5, 3.5 ], "texture": "#texture" }
    }
},
{
    "from": [ 9, 24.5, 12.5 ],
    "to": [ 10.5, 26.5, 16.5 ],
    "faces": {
        "down":  { "uv": [ 14, 10.5, 15.5, 14.5 ], "texture": "#texture" },
        "up":    { "uv": [ 14, 10.5, 15.5, 14.5 ], "texture": "#texture" },
        "north": { "uv": [ 14, 1.5, 15.5, 3.5 ], "texture": "#texture" },
        "south": { "uv": [ 14, 1.5, 15.5, 3.5 ], "texture": "#texture" },
        "west":  { "uv": [ 11.5, 1.5, 15.5, 3.5 ], "texture": "#texture" },
        "east":  { "uv": [ 11.5, 1.5, 15.5, 3.5 ], "texture": "#texture" }
    }
},
{
    "from": [ 9, 24.5, 17.5 ],
    "to": [ 10.5, 26.5, 21.5 ],
    "faces": {
        "down":  { "uv": [ 14, 10.5, 15.5, 14.5 ], "texture": "#texture" },
        "up":    { "uv": [ 14, 10.5, 15.5, 14.5 ], "texture": "#texture" },
        "north": { "uv": [ 14, 1.5, 15.5, 3.5 ], "texture": "#texture" },
        "south": { "uv": [ 14, 1.5, 15.5, 3.5 ], "texture": "#texture" },
        "west":  { "uv": [ 11.5, 1.5, 15.5, 3.5 ], "texture": "#texture" },
        "east":  { "uv": [ 11.5, 1.5, 15.5, 3.5 ], "texture": "#texture" }
    }
}
]
}