{
"__comment": "Designed by Mrgarretto with BDcraft Cubik PRO 0.96 Beta - http://bdcraft.net",
"textures": {
    "particle": "atlas/sand",
    "texture": "atlas/sand"
},
"elements": [ 
{
    "from": [ 1, 0, 2 ],
    "to": [ 15, 13, 14 ],
    "faces": {
        "down":  { "uv": [ 15, 15, 1, 1 ], "texture": "#texture" },
        "up":    { "uv": [ 1, 1, 15, 15 ], "texture": "#texture" },
        "north": { "uv": [ 1, 3, 15, 16 ], "texture": "#texture" },
        "south": { "uv": [ 1, 3, 15, 16 ], "texture": "#texture" },
        "west":  { "uv": [ 1, 3, 15, 16 ], "texture": "#texture" },
        "east":  { "uv": [ 1, 3, 15, 16 ], "texture": "#texture" }
    }
},
{
    "from": [ 0, 12.5, 0 ],
    "to": [ 16, 15.5, 16 ],
    "faces": {
        "down":  { "uv": [ 0, 0, 16, 16 ], "texture": "#texture" },
        "up":    { "uv": [ 0, 0, 16, 16 ], "texture": "#texture" },
        "north": { "uv": [ 0, 0.5, 16, 3.5 ], "texture": "#texture" },
        "south": { "uv": [ 0, 0.5, 16, 3.5 ], "texture": "#texture" },
        "west":  { "uv": [ 0, 0.5, 16, 3.5 ], "texture": "#texture" },
        "east":  { "uv": [ 0, 0.5, 16, 3.5 ], "texture": "#texture" }
    }
},
{
    "from": [ 0, 15.5, 0 ],
    "to": [ 1.5, 17.5, 3 ],
    "faces": {
        "down":  { "uv": [ 0, 0, 1.5, 3 ], "texture": "#texture" },
        "up":    { "uv": [ 0, 0, 1.5, 3 ], "texture": "#texture" },
        "north": { "uv": [ 0, 0, 1.5, 2 ], "texture": "#texture" },
        "south": { "uv": [ 0, 0, 1.5, 2 ], "texture": "#texture" },
        "west":  { "uv": [ 0, 0, 3, 2 ], "texture": "#texture" },
        "east":  { "uv": [ 0, 0, 3, 2 ], "texture": "#texture" }
    }
},
{
    "from": [ 0, 15.5, 4.5 ],
    "to": [ 1.5, 17.5, 7.5 ],
    "faces": {
        "down":  { "uv": [ 0, 0, 1.5, 3 ], "texture": "#texture" },
        "up":    { "uv": [ 0, 0, 1.5, 3 ], "texture": "#texture" },
        "north": { "uv": [ 0, 0, 1.5, 2 ], "texture": "#texture" },
        "south": { "uv": [ 0, 0, 1.5, 2 ], "texture": "#texture" },
        "west":  { "uv": [ 0, 0, 3, 2 ], "texture": "#texture" },
        "east":  { "uv": [ 0, 0, 3, 2 ], "texture": "#texture" }
    }
},
{
    "from": [ 0, 15.5, 8.5 ],
    "to": [ 1.5, 17.5, 11.5 ],
    "faces": {
        "down":  { "uv": [ 0, 0, 1.5, 3 ], "texture": "#texture" },
        "up":    { "uv": [ 0, 0, 1.5, 3 ], "texture": "#texture" },
        "north": { "uv": [ 0, 0, 1.5, 2 ], "texture": "#texture" },
        "south": { "uv": [ 0, 0, 1.5, 2 ], "texture": "#texture" },
        "west":  { "uv": [ 0, 0, 3, 2 ], "texture": "#texture" },
        "east":  { "uv": [ 0, 0, 3, 2 ], "texture": "#texture" }
    }
},
{
    "from": [ 0, 15.5, 12.5 ],
    "to": [ 1.5, 17.5, 16 ],
    "faces": {
        "down":  { "uv": [ 0, 0, 1.5, 3 ], "texture": "#texture" },
        "up":    { "uv": [ 0, 0, 1.5, 3 ], "texture": "#texture" },
        "north": { "uv": [ 0, 0, 1.5, 2 ], "texture": "#texture" },
        "south": { "uv": [ 0, 0, 1.5, 2 ], "texture": "#texture" },
        "west":  { "uv": [ 0, 0, 3, 2 ], "texture": "#texture" },
        "east":  { "uv": [ 0, 0, 3, 2 ], "texture": "#texture" }
    }
},
{
    "from": [ 14.5, 15.5, 0 ],
    "to": [ 16, 17.5, 3.5 ],
    "faces": {
        "down":  { "uv": [ 0, 0, 1.5, 3 ], "texture": "#texture" },
        "up":    { "uv": [ 0, 0, 1.5, 3 ], "texture": "#texture" },
        "north": { "uv": [ 0, 0, 1.5, 2 ], "texture": "#texture" },
        "south": { "uv": [ 0, 0, 1.5, 2 ], "texture": "#texture" },
        "west":  { "uv": [ 0, 0, 3, 2 ], "texture": "#texture" },
        "east":  { "uv": [ 0, 0, 3, 2 ], "texture": "#texture" }
    }
},
{
    "from": [ 14.5, 15.5, 4.5 ],
    "to": [ 16, 17.5, 7.5 ],
    "faces": {
        "down":  { "uv": [ 0, 0, 1.5, 3 ], "texture": "#texture" },
        "up":    { "uv": [ 0, 0, 1.5, 3 ], "texture": "#texture" },
        "north": { "uv": [ 0, 0, 1.5, 2 ], "texture": "#texture" },
        "south": { "uv": [ 0, 0, 1.5, 2 ], "texture": "#texture" },
        "west":  { "uv": [ 0, 0, 3, 2 ], "texture": "#texture" },
        "east":  { "uv": [ 0, 0, 3, 2 ], "texture": "#texture" }
    }
},
{
    "from": [ 14.5, 15.5, 8.5 ],
    "to": [ 16, 17.5, 11.5 ],
    "faces": {
        "down":  { "uv": [ 0, 0, 1.5, 3 ], "texture": "#texture" },
        "up":    { "uv": [ 0, 0, 1.5, 3 ], "texture": "#texture" },
        "north": { "uv": [ 0, 0, 1.5, 2 ], "texture": "#texture" },
        "south": { "uv": [ 0, 0, 1.5, 2 ], "texture": "#texture" },
        "west":  { "uv": [ 0, 0, 3, 2 ], "texture": "#texture" },
        "east":  { "uv": [ 0, 0, 3, 2 ], "texture": "#texture" }
    }
},
{
    "from": [ 14.5, 15.5, 12.5 ],
    "to": [ 16, 17.5, 16 ],
    "faces": {
        "down":  { "uv": [ 0, 0, 1.5, 3 ], "texture": "#texture" },
        "up":    { "uv": [ 0, 0, 1.5, 3 ], "texture": "#texture" },
        "north": { "uv": [ 0, 0, 1.5, 2 ], "texture": "#texture" },
        "south": { "uv": [ 0, 0, 1.5, 2 ], "texture": "#texture" },
        "west":  { "uv": [ 0, 0, 3, 2 ], "texture": "#texture" },
        "east":  { "uv": [ 0, 0, 3, 2 ], "texture": "#texture" }
    }
},
{
    "from": [ 2.5, 15.5, 14.5 ],
    "to": [ 5.5, 17.5, 16 ],
    "faces": {
        "down":  { "uv": [ 2.5, 14.5, 5.5, 16 ], "texture": "#texture" },
        "up":    { "uv": [ 2.5, 14.5, 5.5, 16 ], "texture": "#texture" },
        "north": { "uv": [ 2.5, 0, 5.5, 2 ], "texture": "#texture" },
        "south": { "uv": [ 2.5, 0, 5.5, 2 ], "texture": "#texture" },
        "west":  { "uv": [ 14.5, 0, 16, 2 ], "texture": "#texture" },
        "east":  { "uv": [ 14.5, 0, 16, 2 ], "texture": "#texture" }
    }
},
{
    "from": [ 6.5, 15.5, 14.5 ],
    "to": [ 9.5, 17.5, 16 ],
    "faces": {
        "down":  { "uv": [ 2.5, 14.5, 5.5, 16 ], "texture": "#texture" },
        "up":    { "uv": [ 2.5, 14.5, 5.5, 16 ], "texture": "#texture" },
        "north": { "uv": [ 2.5, 0, 5.5, 2 ], "texture": "#texture" },
        "south": { "uv": [ 2.5, 0, 5.5, 2 ], "texture": "#texture" },
        "west":  { "uv": [ 14.5, 0, 16, 2 ], "texture": "#texture" },
        "east":  { "uv": [ 14.5, 0, 16, 2 ], "texture": "#texture" }
    }
},
{
    "from": [ 10.5, 15.5, 14.5 ],
    "to": [ 13.5, 17.5, 16 ],
    "faces": {
        "down":  { "uv": [ 2.5, 14.5, 5.5, 16 ], "texture": "#texture" },
        "up":    { "uv": [ 2.5, 14.5, 5.5, 16 ], "texture": "#texture" },
        "north": { "uv": [ 2.5, 0, 5.5, 2 ], "texture": "#texture" },
        "south": { "uv": [ 2.5, 0, 5.5, 2 ], "texture": "#texture" },
        "west":  { "uv": [ 14.5, 0, 16, 2 ], "texture": "#texture" },
        "east":  { "uv": [ 14.5, 0, 16, 2 ], "texture": "#texture" }
    }
},
{
    "from": [ 2.5, 15.5, 0 ],
    "to": [ 5.5, 17.5, 1.5 ],
    "faces": {
        "down":  { "uv": [ 2.5, 14.5, 5.5, 16 ], "texture": "#texture" },
        "up":    { "uv": [ 2.5, 14.5, 5.5, 16 ], "texture": "#texture" },
        "north": { "uv": [ 2.5, 0, 5.5, 2 ], "texture": "#texture" },
        "south": { "uv": [ 2.5, 0, 5.5, 2 ], "texture": "#texture" },
        "west":  { "uv": [ 14.5, 0, 16, 2 ], "texture": "#texture" },
        "east":  { "uv": [ 14.5, 0, 16, 2 ], "texture": "#texture" }
    }
},
{
    "from": [ 6.5, 15.5, 0 ],
    "to": [ 9.5, 17.5, 1.5 ],
    "faces": {
        "down":  { "uv": [ 2.5, 14.5, 5.5, 16 ], "texture": "#texture" },
        "up":    { "uv": [ 2.5, 14.5, 5.5, 16 ], "texture": "#texture" },
        "north": { "uv": [ 2.5, 0, 5.5, 2 ], "texture": "#texture" },
        "south": { "uv": [ 2.5, 0, 5.5, 2 ], "texture": "#texture" },
        "west":  { "uv": [ 14.5, 0, 16, 2 ], "texture": "#texture" },
        "east":  { "uv": [ 14.5, 0, 16, 2 ], "texture": "#texture" }
    }
},
{
    "from": [ 10.5, 15.5, 0 ],
    "to": [ 13.5, 17.5, 1.5 ],
    "faces": {
        "down":  { "uv": [ 2.5, 14.5, 5.5, 16 ], "texture": "#texture" },
        "up":    { "uv": [ 2.5, 14.5, 5.5, 16 ], "texture": "#texture" },
        "north": { "uv": [ 2.5, 0, 5.5, 2 ], "texture": "#texture" },
        "south": { "uv": [ 2.5, 0, 5.5, 2 ], "texture": "#texture" },
        "west":  { "uv": [ 14.5, 0, 16, 2 ], "texture": "#texture" },
        "east":  { "uv": [ 14.5, 0, 16, 2 ], "texture": "#texture" }
    }
},
{
    "from": [ 1, 0, 13.5 ],
    "to": [ 6, 13, 15 ],
    "faces": {
        "down":  { "uv": [ 1, 13.5, 6, 15 ], "texture": "#texture" },
        "up":    { "uv": [ 1, 13.5, 6, 15 ], "texture": "#texture" },
        "north": { "uv": [ 1, 3, 6, 16 ], "texture": "#texture" },
        "south": { "uv": [ 1, 3, 6, 16 ], "texture": "#texture" },
        "west":  { "uv": [ 13.5, 3, 15, 16 ], "texture": "#texture" },
        "east":  { "uv": [ 13.5, 3, 15, 16 ], "texture": "#texture" }
    }
},
{
    "from": [ 10, 0, 13.5 ],
    "to": [ 15, 13, 15 ],
    "faces": {
        "down":  { "uv": [ 10, 13.5, 15, 15 ], "texture": "#texture" },
        "up":    { "uv": [ 10, 13.5, 15, 15 ], "texture": "#texture" },
        "north": { "uv": [ 10, 3, 15, 16 ], "texture": "#texture" },
        "south": { "uv": [ 10, 3, 15, 16 ], "texture": "#texture" },
        "west":  { "uv": [ 13.5, 3, 15, 16 ], "texture": "#texture" },
        "east":  { "uv": [ 13.5, 3, 15, 16 ], "texture": "#texture" }
    }
},
{
    "from": [ 6, 8.5, 13.5 ],
    "to": [ 10, 13, 15 ],
    "faces": {
        "down":  { "uv": [ 6, 13.5, 10, 15 ], "texture": "#texture" },
        "up":    { "uv": [ 6, 13.5, 10, 15 ], "texture": "#texture" },
        "north": { "uv": [ 6, 3, 10, 7.5 ], "texture": "#texture" },
        "south": { "uv": [ 6, 3, 10, 7.5 ], "texture": "#texture" },
        "west":  { "uv": [ 13.5, 3, 15, 7.5 ], "texture": "#texture" },
        "east":  { "uv": [ 13.5, 3, 15, 7.5 ], "texture": "#texture" }
    }
},
{
    "from": [ 10, 0, 0.5 ],
    "to": [ 15, 13, 2 ],
    "faces": {
        "down":  { "uv": [ 10, 13.5, 15, 15 ], "texture": "#texture" },
        "up":    { "uv": [ 10, 13.5, 15, 15 ], "texture": "#texture" },
        "north": { "uv": [ 10, 3, 15, 16 ], "texture": "#texture" },
        "south": { "uv": [ 10, 3, 15, 16 ], "texture": "#texture" },
        "west":  { "uv": [ 13.5, 3, 15, 16 ], "texture": "#texture" },
        "east":  { "uv": [ 13.5, 3, 15, 16 ], "texture": "#texture" }
    }
},
{
    "from": [ 1, 0, 0.5 ],
    "to": [ 6, 13, 2 ],
    "faces": {
        "down":  { "uv": [ 1, 13.5, 6, 15 ], "texture": "#texture" },
        "up":    { "uv": [ 1, 13.5, 6, 15 ], "texture": "#texture" },
        "north": { "uv": [ 1, 3, 6, 16 ], "texture": "#texture" },
        "south": { "uv": [ 1, 3, 6, 16 ], "texture": "#texture" },
        "west":  { "uv": [ 13.5, 3, 15, 16 ], "texture": "#texture" },
        "east":  { "uv": [ 13.5, 3, 15, 16 ], "texture": "#texture" }
    }
},
{
    "from": [ 6, 8.5, 0.5 ],
    "to": [ 10, 13, 2 ],
    "faces": {
        "down":  { "uv": [ 6, 13.5, 10, 15 ], "texture": "#texture" },
        "up":    { "uv": [ 6, 13.5, 10, 15 ], "texture": "#texture" },
        "north": { "uv": [ 6, 3, 10, 7.5 ], "texture": "#texture" },
        "south": { "uv": [ 6, 3, 10, 7.5 ], "texture": "#texture" },
        "west":  { "uv": [ 13.5, 3, 15, 7.5 ], "texture": "#texture" },
        "east":  { "uv": [ 13.5, 3, 15, 7.5 ], "texture": "#texture" }
    }
},
{
    "from": [ 6, 0, 0.5 ],
    "to": [ 10, 4.5, 2 ],
    "faces": {
        "down":  { "uv": [ 6, 13.5, 10, 15 ], "texture": "#texture" },
        "up":    { "uv": [ 6, 13.5, 10, 15 ], "texture": "#texture" },
        "north": { "uv": [ 6, 3, 10, 7.5 ], "texture": "#texture" },
        "south": { "uv": [ 6, 3, 10, 7.5 ], "texture": "#texture" },
        "west":  { "uv": [ 13.5, 3, 15, 7.5 ], "texture": "#texture" },
        "east":  { "uv": [ 13.5, 3, 15, 7.5 ], "texture": "#texture" }
    }
}
]
}