{
	"__comment": "Designed by Mrgarretto with Cubik Studio - https://cubik.studio",
	"textures": {
		"mesh_atlas": "surfboards/black"
	},
	"elements": [ 	 
		{
			"__comment": "Voxels",
			"from": [ 0, 0, 6.4561 ],
			"to": [ 14.59649, 0.5614035, 9.543819 ],
			"faces": {
				"down": { "uv": [ 0, 14.625, 6.5, 16 ], "texture": "#mesh_atlas" },
				"up": { "uv": [ 0, 14.625, 6.5, 13.25 ], "texture": "#mesh_atlas" },
				"north": { "uv": [ 6.5, 13, 0, 13.25 ], "texture": "#mesh_atlas" },
				"south": { "uv": [ 0, 12.75, 6.5, 13 ], "texture": "#mesh_atlas" },
				"west": { "uv": [ 6.5, 15.75, 7.875, 16 ], "texture": "#mesh_atlas" },
				"east": { "uv": [ 7.875, 15.5, 6.5, 15.75 ], "texture": "#mesh_atlas" }
			}
		},
		{
			"__comment": "Voxels",
			"from": [ 0.2807, 1.1228, 7.8596 ],
			"to": [ 1.403507, 1.403502, 8.140302 ],
			"faces": {
				"down": { "uv": [ 7.5, 13.75, 8, 13.875 ], "texture": "#mesh_atlas" },
				"up": { "uv": [ 7.25, 13.5, 7.75, 13.375 ], "texture": "#mesh_atlas" },
				"north": { "uv": [ 7.75, 13.25, 7.25, 13.375 ], "texture": "#mesh_atlas" },
				"south": { "uv": [ 7.375, 14.625, 7.875, 14.75 ], "texture": "#mesh_atlas" },
				"west": { "uv": [ 6.875, 13, 7, 13.125 ], "texture": "#mesh_atlas" },
				"east": { "uv": [ 8, 14.625, 7.875, 14.75 ], "texture": "#mesh_atlas" }
			}
		},
		{
			"__comment": "Voxels",
			"from": [ 0.2807, 1.4035, 7.8596 ],
			"to": [ 1.122805, 1.684202, 8.140302 ],
			"faces": {
				"down": { "uv": [ 7, 13, 7.375, 13.125 ], "texture": "#mesh_atlas" },
				"up": { "uv": [ 7, 13.25, 7.375, 13.125 ], "texture": "#mesh_atlas" },
				"north": { "uv": [ 6.875, 13, 6.5, 13.125 ], "texture": "#mesh_atlas" },
				"south": { "uv": [ 7, 14.625, 7.375, 14.75 ], "texture": "#mesh_atlas" },
				"west": { "uv": [ 7.375, 13, 7.5, 13.125 ], "texture": "#mesh_atlas" },
				"east": { "uv": [ 7.5, 13.125, 7.375, 13.25 ], "texture": "#mesh_atlas" }
			}
		},
		{
			"__comment": "Voxels",
			"from": [ 0.5614, 0.5614, 7.8596 ],
			"to": [ 1.684207, 1.122803, 8.140302 ],
			"faces": {
				"down": { "uv": [ 6.5, 13.125, 7, 13.25 ], "texture": "#mesh_atlas" },
				"up": { "uv": [ 6.5, 14.75, 7, 14.625 ], "texture": "#mesh_atlas" },
				"north": { "uv": [ 8, 13.875, 7.5, 14.125 ], "texture": "#mesh_atlas" },
				"south": { "uv": [ 7.5, 14.125, 8, 14.375 ], "texture": "#mesh_atlas" },
				"west": { "uv": [ 7.125, 13.25, 7.25, 13.5 ], "texture": "#mesh_atlas" },
				"east": { "uv": [ 7.125, 13.25, 7, 13.5 ], "texture": "#mesh_atlas" }
			}
		},
		{
			"__comment": "Voxels",
			"from": [ 1.1228, 0, 6.1754 ],
			"to": [ 13.47368, 0.5614035, 6.456101 ],
			"faces": {
				"down": { "uv": [ 0, 10.375, 5.5, 10.5 ], "texture": "#mesh_atlas" },
				"up": { "uv": [ 0, 10.625, 5.5, 10.5 ], "texture": "#mesh_atlas" },
				"north": { "uv": [ 5.5, 12.5, 0, 12.75 ], "texture": "#mesh_atlas" },
				"south": { "uv": [ 0, 12.25, 5.5, 12.5 ], "texture": "#mesh_atlas" },
				"west": { "uv": [ 7.875, 14.375, 8, 14.625 ], "texture": "#mesh_atlas" },
				"east": { "uv": [ 7, 13.25, 6.875, 13.5 ], "texture": "#mesh_atlas" }
			}
		},
		{
			"__comment": "Voxels",
			"from": [ 1.1228, 0, 9.5439 ],
			"to": [ 13.47368, 0.5614035, 9.824601 ],
			"faces": {
				"down": { "uv": [ 0, 10.625, 5.5, 10.75 ], "texture": "#mesh_atlas" },
				"up": { "uv": [ 0, 10.375, 5.5, 10.25 ], "texture": "#mesh_atlas" },
				"north": { "uv": [ 5.5, 12, 0, 12.25 ], "texture": "#mesh_atlas" },
				"south": { "uv": [ 0, 11.75, 5.5, 12 ], "texture": "#mesh_atlas" },
				"west": { "uv": [ 6.75, 13.25, 6.875, 13.5 ], "texture": "#mesh_atlas" },
				"east": { "uv": [ 7, 13.5, 6.875, 13.75 ], "texture": "#mesh_atlas" }
			}
		},
		{
			"__comment": "Voxels",
			"from": [ 2.2456, 0, 5.8947 ],
			"to": [ 12.07016, 0.5614035, 6.175402 ],
			"faces": {
				"down": { "uv": [ 0, 9.875, 4.375, 10 ], "texture": "#mesh_atlas" },
				"up": { "uv": [ 0, 9.875, 4.375, 9.75 ], "texture": "#mesh_atlas" },
				"north": { "uv": [ 4.375, 11.5, 0, 11.75 ], "texture": "#mesh_atlas" },
				"south": { "uv": [ 0, 10.75, 4.375, 11 ], "texture": "#mesh_atlas" },
				"west": { "uv": [ 7.875, 15.5, 8, 15.75 ], "texture": "#mesh_atlas" },
				"east": { "uv": [ 6.875, 13.5, 6.75, 13.75 ], "texture": "#mesh_atlas" }
			}
		},
		{
			"__comment": "Voxels",
			"from": [ 2.2456, 0, 9.8246 ],
			"to": [ 12.07016, 0.5614035, 10.1053 ],
			"faces": {
				"down": { "uv": [ 0, 10, 4.375, 10.125 ], "texture": "#mesh_atlas" },
				"up": { "uv": [ 0, 10.25, 4.375, 10.125 ], "texture": "#mesh_atlas" },
				"north": { "uv": [ 4.375, 11, 0, 11.25 ], "texture": "#mesh_atlas" },
				"south": { "uv": [ 0, 11.25, 4.375, 11.5 ], "texture": "#mesh_atlas" },
				"west": { "uv": [ 7, 13.5, 7.125, 13.75 ], "texture": "#mesh_atlas" },
				"east": { "uv": [ 7.25, 13.5, 7.125, 13.75 ], "texture": "#mesh_atlas" }
			}
		},
		{
			"__comment": "Voxels",
			"from": [ 3.6491, 0, 5.614 ],
			"to": [ 9.824539, 0.5614035, 5.894701 ],
			"faces": {
				"down": { "uv": [ 4.375, 9.75, 7.125, 9.875 ], "texture": "#mesh_atlas" },
				"up": { "uv": [ 4.375, 10.25, 7.125, 10.125 ], "texture": "#mesh_atlas" },
				"north": { "uv": [ 7.125, 11.5, 4.375, 11.75 ], "texture": "#mesh_atlas" },
				"south": { "uv": [ 4.375, 10.75, 7.125, 11 ], "texture": "#mesh_atlas" },
				"west": { "uv": [ 7.875, 13.5, 8, 13.75 ], "texture": "#mesh_atlas" },
				"east": { "uv": [ 7.875, 13.25, 7.75, 13.5 ], "texture": "#mesh_atlas" }
			}
		},
		{
			"__comment": "Voxels",
			"from": [ 3.6491, 0, 10.1053 ],
			"to": [ 9.824539, 0.5614035, 10.386 ],
			"faces": {
				"down": { "uv": [ 4.375, 9.875, 7.125, 10 ], "texture": "#mesh_atlas" },
				"up": { "uv": [ 4.375, 10.125, 7.125, 10 ], "texture": "#mesh_atlas" },
				"north": { "uv": [ 7.125, 11, 4.375, 11.25 ], "texture": "#mesh_atlas" },
				"south": { "uv": [ 4.375, 11.25, 7.125, 11.5 ], "texture": "#mesh_atlas" },
				"west": { "uv": [ 7.875, 15.75, 8, 16 ], "texture": "#mesh_atlas" },
				"east": { "uv": [ 8, 13.25, 7.875, 13.5 ], "texture": "#mesh_atlas" }
			}
		},
		{
			"__comment": "Voxels",
			"from": [ 14.5965, 0, 6.7368 ],
			"to": [ 14.8772, 0.5614035, 9.263115 ],
			"faces": {
				"down": { "uv": [ 0, 8.625, 0.125, 9.75 ], "texture": "#mesh_atlas" },
				"up": { "uv": [ 0.125, 9.75, 0.25, 8.625 ], "texture": "#mesh_atlas" },
				"north": { "uv": [ 8, 15.25, 7.875, 15.5 ], "texture": "#mesh_atlas" },
				"south": { "uv": [ 7.875, 15, 8, 15.25 ], "texture": "#mesh_atlas" },
				"west": { "uv": [ 6.5, 15.25, 7.625, 15.5 ], "texture": "#mesh_atlas" },
				"east": { "uv": [ 7.625, 15, 6.5, 15.25 ], "texture": "#mesh_atlas" }
			}
		},
		{
			"__comment": "Voxels",
			"from": [ 14.8772, 0, 7.0175 ],
			"to": [ 15.4386, 0.5614035, 8.982412 ],
			"faces": {
				"down": { "uv": [ 6.5, 13.75, 6.75, 14.625 ], "texture": "#mesh_atlas" },
				"up": { "uv": [ 6.75, 14.625, 7, 13.75 ], "texture": "#mesh_atlas" },
				"north": { "uv": [ 7.875, 15.25, 7.625, 15.5 ], "texture": "#mesh_atlas" },
				"south": { "uv": [ 7.625, 15, 7.875, 15.25 ], "texture": "#mesh_atlas" },
				"west": { "uv": [ 6.5, 14.75, 7.375, 15 ], "texture": "#mesh_atlas" },
				"east": { "uv": [ 7.875, 14.375, 7, 14.625 ], "texture": "#mesh_atlas" }
			}
		},
		{
			"__comment": "Voxels",
			"from": [ 15.4386, 0, 7.2982 ],
			"to": [ 16, 0.5614035, 8.701709 ],
			"faces": {
				"down": { "uv": [ 7, 13.75, 7.25, 14.375 ], "texture": "#mesh_atlas" },
				"up": { "uv": [ 7.25, 14.375, 7.5, 13.75 ], "texture": "#mesh_atlas" },
				"north": { "uv": [ 6.75, 13.5, 6.5, 13.75 ], "texture": "#mesh_atlas" },
				"south": { "uv": [ 6.5, 13.25, 6.75, 13.5 ], "texture": "#mesh_atlas" },
				"west": { "uv": [ 7.25, 13.5, 7.875, 13.75 ], "texture": "#mesh_atlas" },
				"east": { "uv": [ 8, 14.75, 7.375, 15 ], "texture": "#mesh_atlas" }
			}
		}
	],
	"display": {
		"thirdperson_righthand": {
			"rotation":  [ 0, 180, 90 ],
			"translation":  [ 13.913, -0.695, 2.0869 ],
			"scale":  [ 2, 2, 2 ]
		},
		"thirdperson_lefthand": {
			"rotation":  [ 180, 180, 90 ],
			"translation":  [ 13.913, -0.695, 2.0869 ],
			"scale":  [ 2, 2, 2 ]
		},
		"firstperson_righthand": {
			"rotation":  [ 75, 103, -15 ],
			"translation":  [ -2.086, 9.043, 14.616 ]
		},
		"firstperson_lefthand": {
			"rotation":  [ 61, -75, -15 ],
			"translation":  [ 1.3925, 6.2603, 11.137 ]
		},
		"gui": {
			"rotation":  [ 24, 135, 38 ],
			"translation":  [ 4.1739, 5, 15.304 ],
			"scale":  [ 1.2, 1.2, 1.2 ]
		},
		"head": {
			"translation":  [ 1.3913, -30, 0 ],
			"scale":  [ 4, 4, 4 ],
			"rotation": [ 0, 180, 180]
		},
		"ground": {
			"translation":  [ 0, 23.65, 0 ],
			"scale":  [ 4, 4, 4 ]
		},
		"fixed": {
			"translation":  [ 0, 6.9565, 0 ]
		}
	}
}