{
"alarm":{"sounds":["alarm"]},
"ignition":{"sounds":["ignition"]},
"engine_accelerate":{"sounds":["engine_accelerate"]},
"tank_shot":{"sounds":["tank_shot"]},
"impact.random":{"sounds":["impact/0001","impact/0002","impact/0003","impact/0004","impact/0005","impact/0008","impact/0009","impact/0010","impact/0011","impact/0012","impact/0013","impact/0014","impact/0015","impact/0016","impact/0017","impact/0018","impact/0019","impact/0020","impact/0021","impact/0022","impact/0023","impact/0024","impact/0025","impact/0026","impact/0027","impact/0028","impact/0029","impact/0030","impact/0031","impact/0032","impact/0033","impact/0034","impact/0035"]},
"menu":{"sounds":[{"name": "songs/menu", "stream": true}]},
"apocal":{"sounds":[{"name": "songs/apocal", "stream": true}]},
"boombastic":{"sounds":[{"name": "songs/boombastic", "stream": true}]},
"shopping":{"sounds":[{"name": "songs/shopping", "stream": true}]},
"mangowalk":{"sounds":[{"name": "songs/mangowalk", "stream": true}]},
"gameover":{"sounds":[{"name": "songs/gameover", "stream": true}]},
"siren":{"sounds":[{"name": "siren", "stream": true}]},
"win":{"sounds":[{"name": "songs/win", "stream": true}]},
"help":{"sounds":[{"name": "songs/help", "stream": true}]},
"cinematic":{"sounds":[{"name": "cinematic"}]},
"cinematic2":{"sounds":[{"name": "cinematic2"}]},
"whoosh":{"sounds":[{"name": "whoosh"}]},
"click":{"sounds":[{"name": "click"}]},
"error":{"sounds":[{"name": "error"}]},
"meteor":{"sounds":["meteor","meteor2","meteor3"]},
"powerup":{"sounds":[{"name": "powerup", "stream": true}]},
"critical_damage":{"sounds":[{"name": "critical_damage", "stream": true}]},
"wind":{"sounds":[{"name": "wind", "stream": true}]}
}