{
	"__comment": "Designed by Mrgarretto with Cubik Studio - https://cubik.studio",
	"textures": {
		"mesh_atlas": "atlas/beachball"
	},
	"elements": [ 	 
		{
			"__comment": "Voxels",
			"from": [ 0, 0, 0 ],
			"to": [ 16, 16, 16 ],
			"faces": {
				"down": { "uv": [ 0, 12.25, 3.75, 16 ], "texture": "#mesh_atlas" },
				"up": { "uv": [ 0, 12.25, 3.75, 8.5 ], "texture": "#mesh_atlas" },
				"north": { "uv": [ 7.5, 12.25, 3.75, 16 ], "texture": "#mesh_atlas" },
				"south": { "uv": [ 3.75, 8.5, 7.5, 12.25 ], "texture": "#mesh_atlas" },
				"west": { "uv": [ 7.5, 12.25, 11.25, 16 ], "texture": "#mesh_atlas" },
				"east": { "uv": [ 11.25, 8.5, 7.5, 12.25 ], "texture": "#mesh_atlas" }
			}
		}
	],
	"display": {
		"head": {
			"rotation":  [ 30, 0, 59 ],
			"translation":  [ 0, -36.17, 0 ],
			"scale":  [ 1.6, 1.6, 1.6 ]
		}
	}
}