{
	"__comment": "Designed by Mrgarretto with Cubik Studio - https://cubik.studio",
	"textures": {
		"mesh_atlas": "atlas/paddles"
	},
	"elements": [ 	 
		{
			"__comment": "Voxels",
			"from": [ 6.7826, 0, -11.3043 ],
			"to": [ 9.826078, 0.4347826, -5.217342 ],
			"faces": {
				"down": { "uv": [ 0, 14.25, 0.875, 16 ], "texture": "#mesh_atlas" },
				"up": { "uv": [ 0.875, 16, 1.75, 14.25 ], "texture": "#mesh_atlas" },
				"north": { "uv": [ 4.875, 15, 4, 15.125 ], "texture": "#mesh_atlas" },
				"south": { "uv": [ 4, 14.875, 4.875, 15 ], "texture": "#mesh_atlas" },
				"west": { "uv": [ 3.5, 15.875, 5.25, 16 ], "texture": "#mesh_atlas" },
				"east": { "uv": [ 5.25, 15.75, 3.5, 15.875 ], "texture": "#mesh_atlas" }
			}
		},
		{
			"__comment": "Voxels",
			"from": [ 6.7826, 0, 20 ],
			"to": [ 9.826078, 0.4347826, 26.08696 ],
			"faces": {
				"down": { "uv": [ 1.75, 14.25, 2.625, 16 ], "texture": "#mesh_atlas" },
				"up": { "uv": [ 2.625, 16, 3.5, 14.25 ], "texture": "#mesh_atlas" },
				"north": { "uv": [ 4.875, 14.75, 4, 14.875 ], "texture": "#mesh_atlas" },
				"south": { "uv": [ 4, 14.625, 4.875, 14.75 ], "texture": "#mesh_atlas" },
				"west": { "uv": [ 3.5, 15.625, 5.25, 15.75 ], "texture": "#mesh_atlas" },
				"east": { "uv": [ 5.25, 15.5, 3.5, 15.625 ], "texture": "#mesh_atlas" }
			}
		},
		{
			"__comment": "Voxels",
			"from": [ 7.6522, 0, -12.6087 ],
			"to": [ 9.391331, 0.4347826, -11.30435 ],
			"faces": {
				"down": { "uv": [ 3.5, 15.125, 4, 15.5 ], "texture": "#mesh_atlas" },
				"up": { "uv": [ 3.5, 15.125, 4, 14.75 ], "texture": "#mesh_atlas" },
				"north": { "uv": [ 4, 14.25, 3.5, 14.375 ], "texture": "#mesh_atlas" },
				"south": { "uv": [ 4.5, 15.375, 5, 15.5 ], "texture": "#mesh_atlas" },
				"west": { "uv": [ 4.875, 15, 5.25, 15.125 ], "texture": "#mesh_atlas" },
				"east": { "uv": [ 5.25, 14.875, 4.875, 15 ], "texture": "#mesh_atlas" }
			}
		},
		{
			"__comment": "Voxels",
			"from": [ 7.6522, 0, 26.087 ],
			"to": [ 9.391331, 0.4347826, 27.39135 ],
			"faces": {
				"down": { "uv": [ 3.5, 14.375, 4, 14.75 ], "texture": "#mesh_atlas" },
				"up": { "uv": [ 4, 15.5, 4.5, 15.125 ], "texture": "#mesh_atlas" },
				"north": { "uv": [ 5, 15.25, 4.5, 15.375 ], "texture": "#mesh_atlas" },
				"south": { "uv": [ 4.5, 15.125, 5, 15.25 ], "texture": "#mesh_atlas" },
				"west": { "uv": [ 4.875, 14.75, 5.25, 14.875 ], "texture": "#mesh_atlas" },
				"east": { "uv": [ 5.25, 14.625, 4.875, 14.75 ], "texture": "#mesh_atlas" }
			}
		},
		{
			"__comment": "Voxels",
			"from": [ 8.087, 0, -5.2174 ],
			"to": [ 8.521783, 0.4347826, 19.99999 ],
			"faces": {
				"down": { "uv": [ 0, 7, 0.125, 14.25 ], "texture": "#mesh_atlas" },
				"up": { "uv": [ 0.125, 14.25, 0.25, 7 ], "texture": "#mesh_atlas" },
				"north": { "uv": [ 5.125, 15.375, 5, 15.5 ], "texture": "#mesh_atlas" },
				"south": { "uv": [ 5.125, 15.375, 5.25, 15.5 ], "texture": "#mesh_atlas" },
				"west": { "uv": [ 0.25, 14.125, 7.5, 14.25 ], "texture": "#mesh_atlas" },
				"east": { "uv": [ 7.5, 14, 0.25, 14.125 ], "texture": "#mesh_atlas" }
			}
		}
	],
	"display": {
		"thirdperson_righthand": {
			"rotation":  [ -90, -90, 0 ],
			"translation":  [ -6.956, 0, -6.26 ]
		},
		"thirdperson_lefthand": {
			"rotation":  [ -90, -90, 3 ],
			"translation":  [ -6.956, 0, -6.26 ]
		},
		"firstperson_righthand": {
			"rotation":  [ -31, 90, 0 ],
			"translation":  [ -8.347, 8.3478, -5.56 ]
		},
		"firstperson_lefthand": {
			"rotation":  [ -31, 90, 0 ],
			"translation":  [ -8.347, 8.3478, -5.56 ]
		}
	}
}