{		
	"parent": "item/handheld",	
	"textures": {	
		"layer0": "items/diamond_hoe"
	},	
	"overrides": [	
		{ "predicate": {"damaged": 0, "damage": 0}, "model": "item/diamond_hoe"},
		{ "predicate": {"damaged": 0, "damage": 0.0006402048655569782}, "model": "item/surfboards/default"},
		{ "predicate": {"damaged": 0, "damage": 0.0012804097311139564}, "model": "item/surfboards/black"},
		{ "predicate": {"damaged": 0, "damage": 0.0019206145966709346}, "model": "item/surfboards/red"},
		{ "predicate": {"damaged": 0, "damage": 0.002560819462227913}, "model": "item/surfboards/green"},
		{ "predicate": {"damaged": 0, "damage": 0.003201024327784891}, "model": "item/surfboards/brown"},
		{ "predicate": {"damaged": 0, "damage": 0.0038412291933418692}, "model": "item/surfboards/blue"},
		{ "predicate": {"damaged": 0, "damage": 0.004481434058898847}, "model": "item/surfboards/purple"},
		{ "predicate": {"damaged": 0, "damage": 0.005121638924455826}, "model": "item/surfboards/cyan"},
		{ "predicate": {"damaged": 0, "damage": 0.005761843790012804}, "model": "item/surfboards/light_gray"},
		{ "predicate": {"damaged": 0, "damage": 0.006402048655569782}, "model": "item/surfboards/gray"},
		{ "predicate": {"damaged": 0, "damage": 0.00704225352112676}, "model": "item/surfboards/pink"},
		{ "predicate": {"damaged": 0, "damage": 0.0076824583866837385}, "model": "item/surfboards/lime_green"},
		{ "predicate": {"damaged": 0, "damage": 0.008322663252240717}, "model": "item/surfboards/yellow"},
		{ "predicate": {"damaged": 0, "damage": 0.008962868117797694}, "model": "item/surfboards/light_blue"},
		{ "predicate": {"damaged": 0, "damage": 0.009603072983354673}, "model": "item/surfboards/magenta"},
		{ "predicate": {"damaged": 0, "damage": 0.010243277848911651}, "model": "item/surfboards/orange"},
		{ "predicate": {"damaged": 0, "damage": 0.01088348271446863}, "model": "item/surfboards/white"},
		{ "predicate": {"damaged": 0, "damage": 0.011523687580025609}, "model": "item/kayak"},
		{ "predicate": {"damaged": 0, "damage": 0.012163892445582586}, "model": "item/wave_maker"},
		{ "predicate": {"damaged": 0, "damage": 0.012804097311139564}, "model": "item/surfer"},
		{ "predicate": {"damaged": 0, "damage": 0.013444302176696543}, "model": "item/floaty"},
		{ "predicate": {"damaged": 0, "damage": 0.01408450704225352}, "model": "item/beachball"},
		{ "predicate": {"damaged": 0, "damage": 0.014724711907810498}, "model": "item/beach_bucket"},
		{ "predicate": {"damaged": 0, "damage": 0.015364916773367477}, "model": "item/beach_shovel"},
		{ "predicate": {"damaged": 0, "damage": 0.016005121638924456}, "model": "item/beach_shovel_full"},
		{ "predicate": {"damaged": 0, "damage": 0.016645326504481434}, "model": "item/sandcastles/beach_bucket"},
		{ "predicate": {"damaged": 0, "damage": 0.017285531370038413}, "model": "item/sandcastles/beach_bucket_1"},
		{ "predicate": {"damaged": 0, "damage": 0.017925736235595388}, "model": "item/sandcastles/beach_bucket_2"},
		{ "predicate": {"damaged": 0, "damage": 0.018565941101152367}, "model": "item/sandcastles/beach_bucket_3"},
		{ "predicate": {"damaged": 0, "damage": 0.019206145966709345}, "model": "item/sandcastles/small"},
		{ "predicate": {"damaged": 0, "damage": 0.019846350832266324}, "model": "item/sandcastles/medium"},
		{ "predicate": {"damaged": 0, "damage": 0.020486555697823303}, "model": "item/sandcastles/large"},
		{ "predicate": {"damaged": 0, "damage": 0.02112676056338028}, "model": "item/diamond_hoe"},
		{ "predicate": {"damaged": 0, "damage": 0.02176696542893726}, "model": "item/diamond_hoe"},
		{ "predicate": {"damaged": 0, "damage": 0.02240717029449424}, "model": "item/diamond_hoe"},
		{ "predicate": {"damaged": 0, "damage": 0.023047375160051217}, "model": "item/diamond_hoe"},
		{ "predicate": {"damaged": 0, "damage": 0.023687580025608192}, "model": "item/diamond_hoe"},
		{ "predicate": {"damaged": 0, "damage": 0.02432778489116517}, "model": "item/diamond_hoe"},
		{ "predicate": {"damaged": 0, "damage": 0.02496798975672215}, "model": "item/diamond_hoe"},
		{ "predicate": {"damaged": 0, "damage": 0.02560819462227913}, "model": "item/diamond_hoe"},
		{ "predicate": {"damaged": 0, "damage": 0.026248399487836107}, "model": "item/diamond_hoe"},
		{ "predicate": {"damaged": 0, "damage": 0.026888604353393086}, "model": "item/diamond_hoe"},
		{ "predicate": {"damaged": 0, "damage": 0.03201024327784891}, "model": "item/diamond_hoe"},
		{ "predicate": {"damaged": 0, "damage": 0.03265044814340589}, "model": "item/diamond_hoe"},
		{ "predicate": {"damaged": 0, "damage": 0.03329065300896287}, "model": "item/diamond_hoe"},
		{ "predicate": {"damaged": 0, "damage": 0.03393085787451985}, "model": "item/diamond_hoe"},
		{ "predicate": {"damaged": 0, "damage": 0.034571062740076826}, "model": "item/diamond_hoe"},
		{ "predicate": {"damaged": 0, "damage": 0.035211267605633804}, "model": "item/diamond_hoe"},
		{ "predicate": {"damaged": 0, "damage": 0.035851472471190776}, "model": "item/diamond_hoe"},
		{ "predicate": {"damaged": 0, "damage": 0.036491677336747755}, "model": "item/diamond_hoe"},
		{ "predicate": {"damaged": 0, "damage": 0.03713188220230473}, "model": "item/diamond_hoe"},
		{ "predicate": {"damaged": 0, "damage": 0.03777208706786171}, "model": "item/diamond_hoe"},
		{ "predicate": {"damaged": 0, "damage": 0.03841229193341869}, "model": "item/diamond_hoe"},
		{ "predicate": {"damaged": 0, "damage": 0.03905249679897567}, "model": "item/diamond_hoe"},
		{ "predicate": {"damaged": 0, "damage": 0.03969270166453265}, "model": "item/diamond_hoe"},
		{ "predicate": {"damaged": 0, "damage": 0.04033290653008963}, "model": "item/diamond_hoe"},
		{ "predicate": {"damaged": 0, "damage": 0.040973111395646605}, "model": "item/diamond_hoe"},
		{ "predicate": {"damaged": 0, "damage": 0.041613316261203584}, "model": "item/diamond_hoe"},
		{ "predicate": {"damaged": 0, "damage": 0.04225352112676056}, "model": "item/diamond_hoe"},
		{ "predicate": {"damaged": 0, "damage": 0.04289372599231754}, "model": "item/diamond_hoe"},
		{ "predicate": {"damaged": 0, "damage": 0.04353393085787452}, "model": "item/diamond_hoe"},
		{ "predicate": {"damaged": 0, "damage": 0.0441741357234315}, "model": "item/diamond_hoe"},
		{ "predicate": {"damaged": 0, "damage": 0.04481434058898848}, "model": "item/diamond_hoe"},
		{ "predicate": {"damaged": 0, "damage": 0.045454545454545456}, "model": "item/diamond_hoe"},
		{ "predicate": {"damaged": 0, "damage": 0.046094750320102434}, "model": "item/diamond_hoe"},
		{ "predicate": {"damaged": 0, "damage": 0.046734955185659406}, "model": "item/diamond_hoe"},
		{ "predicate": {"damaged": 0, "damage": 0.047375160051216385}, "model": "item/diamond_hoe"},
		{ "predicate": {"damaged": 0, "damage": 0.04801536491677336}, "model": "item/diamond_hoe"},
		{ "predicate": {"damaged": 0, "damage": 0.04865556978233034}, "model": "item/diamond_hoe"},
		{ "predicate": {"damaged": 0, "damage": 0.04929577464788732}, "model": "item/diamond_hoe"},
		{ "predicate": {"damaged": 0, "damage": 0.0499359795134443}, "model": "item/diamond_hoe"},
		{ "predicate": {"damaged": 0, "damage": 0.05057618437900128}, "model": "item/diamond_hoe"},
		{ "predicate": {"damaged": 0, "damage": 0.05121638924455826}, "model": "item/diamond_hoe"},
		{ "predicate": {"damaged": 0, "damage": 0.051856594110115235}, "model": "item/diamond_hoe"},
		{ "predicate": {"damaged": 0, "damage": 0.052496798975672214}, "model": "item/diamond_hoe"},
		{ "predicate": {"damaged": 0, "damage": 0.05313700384122919}, "model": "item/diamond_hoe"},
		{ "predicate": {"damaged": 0, "damage": 0.05377720870678617}, "model": "item/diamond_hoe"},
		{ "predicate": {"damaged": 0, "damage": 0.05441741357234315}, "model": "item/diamond_hoe"},
		{ "predicate": {"damaged": 0, "damage": 0.05505761843790013}, "model": "item/diamond_hoe"},
		{ "predicate": {"damaged": 0, "damage": 0.05569782330345711}, "model": "item/diamond_hoe"},
		{ "predicate": {"damaged": 0, "damage": 0.05633802816901408}, "model": "item/diamond_hoe"},
		{ "predicate": {"damaged": 0, "damage": 0.05697823303457106}, "model": "item/diamond_hoe"},
		{ "predicate": {"damaged": 0, "damage": 0.057618437900128036}, "model": "item/diamond_hoe"},
		{ "predicate": {"damaged": 0, "damage": 0.058258642765685015}, "model": "item/diamond_hoe"}
	]
}		