{
	"__comment": "Designed by Mrgarretto with Cubik Studio - https://cubik.studio",
	"textures": {
		"mesh_atlas": "atlas/floaty"
	},
	"elements": [ 	 
		{
			"__comment": "Voxels",
			"from": [ 1.28, 0, 0 ],
			"to": [ 14.4, 3.84, 3.84 ],
			"faces": {
				"down": { "uv": [ 0, 14.5, 5.125, 16 ], "texture": "#mesh_atlas" },
				"up": { "uv": [ 5.125, 16, 10.25, 14.5 ], "texture": "#mesh_atlas" },
				"north": { "uv": [ 15.375, 14.5, 10.25, 16 ], "texture": "#mesh_atlas" },
				"south": { "uv": [ 0, 13, 5.125, 14.5 ], "texture": "#mesh_atlas" },
				"west": { "uv": [ 3.625, 4.25, 5.125, 5.75 ], "texture": "#mesh_atlas" },
				"east": { "uv": [ 5.125, 5.75, 3.625, 7.25 ], "texture": "#mesh_atlas" }
			}
		},
		{
			"__comment": "Voxels",
			"from": [ 1.28, 0, 3.84 ],
			"to": [ 5.12, 3.84, 13.12 ],
			"faces": {
				"down": { "uv": [ 0, 9.375, 1.5, 13 ], "texture": "#mesh_atlas" },
				"up": { "uv": [ 0, 9.375, 1.5, 5.75 ], "texture": "#mesh_atlas" },
				"north": { "uv": [ 16, 11.5, 14.5, 13 ], "texture": "#mesh_atlas" },
				"south": { "uv": [ 0, 0, 1.5, 1.5 ], "texture": "#mesh_atlas" },
				"west": { "uv": [ 5.125, 13, 8.75, 14.5 ], "texture": "#mesh_atlas" },
				"east": { "uv": [ 12.375, 13, 8.75, 14.5 ], "texture": "#mesh_atlas" }
			}
		},
		{
			"__comment": "Voxels",
			"from": [ 5.12, 0, 9.28 ],
			"to": [ 14.4, 3.84, 13.12 ],
			"faces": {
				"down": { "uv": [ 12.375, 13, 16, 14.5 ], "texture": "#mesh_atlas" },
				"up": { "uv": [ 1.5, 13, 5.125, 11.5 ], "texture": "#mesh_atlas" },
				"north": { "uv": [ 8.75, 11.5, 5.125, 13 ], "texture": "#mesh_atlas" },
				"south": { "uv": [ 8.75, 11.5, 12.375, 13 ], "texture": "#mesh_atlas" },
				"west": { "uv": [ 3.625, 2.75, 5.125, 4.25 ], "texture": "#mesh_atlas" },
				"east": { "uv": [ 10.375, 10, 8.875, 11.5 ], "texture": "#mesh_atlas" }
			}
		},
		{
			"__comment": "Voxels",
			"from": [ 5.12, 7.36, 9.599999 ],
			"to": [ 10.56, 12.16, 14.72 ],
			"faces": {
				"down": { "uv": [ 1.5, 7.5, 3.625, 9.5 ], "texture": "#mesh_atlas" },
				"up": { "uv": [ 1.5, 11.5, 3.625, 9.5 ], "texture": "#mesh_atlas" },
				"north": { "uv": [ 3.625, 3.75, 1.5, 5.625 ], "texture": "#mesh_atlas" },
				"south": { "uv": [ 1.5, 5.625, 3.625, 7.5 ], "texture": "#mesh_atlas" },
				"west": { "uv": [ 1.5, 1.875, 3.5, 3.75 ], "texture": "#mesh_atlas" },
				"east": { "uv": [ 3.5, 0, 1.5, 1.875 ], "texture": "#mesh_atlas" }
			}
		},
		{
			"__comment": "Voxels",
			"from": [ 5.76, 1.92, 13.12 ],
			"to": [ 9.92, 7.36, 13.76 ],
			"faces": {
				"down": { "uv": [ 6.5, 9.75, 8.125, 10 ], "texture": "#mesh_atlas" },
				"up": { "uv": [ 13.625, 10.25, 15.25, 10 ], "texture": "#mesh_atlas" },
				"north": { "uv": [ 5.25, 9.375, 3.625, 11.5 ], "texture": "#mesh_atlas" },
				"south": { "uv": [ 3.625, 7.25, 5.25, 9.375 ], "texture": "#mesh_atlas" },
				"west": { "uv": [ 5.5, 2.875, 5.75, 5 ], "texture": "#mesh_atlas" },
				"east": { "uv": [ 5.5, 2.875, 5.25, 5 ], "texture": "#mesh_atlas" }
			}
		},
		{
			"__comment": "Voxels",
			"from": [ 5.76, 3.84, 9.92 ],
			"to": [ 9.92, 7.36, 13.12 ],
			"faces": {
				"down": { "uv": [ 3.625, 0, 5.25, 1.25 ], "texture": "#mesh_atlas" },
				"up": { "uv": [ 13.625, 11.5, 15.25, 10.25 ], "texture": "#mesh_atlas" },
				"north": { "uv": [ 13.625, 10.125, 12, 11.5 ], "texture": "#mesh_atlas" },
				"south": { "uv": [ 10.375, 10.125, 12, 11.5 ], "texture": "#mesh_atlas" },
				"west": { "uv": [ 5.25, 8.625, 6.5, 10 ], "texture": "#mesh_atlas" },
				"east": { "uv": [ 6.5, 7.25, 5.25, 8.625 ], "texture": "#mesh_atlas" }
			}
		},
		{
			"__comment": "Voxels",
			"from": [ 6.08, 10.24, 14.72 ],
			"to": [ 7.04, 11.2, 15.04 ],
			"faces": {
				"down": { "uv": [ 15.375, 14.625, 15.75, 14.75 ], "texture": "#mesh_atlas" },
				"up": { "uv": [ 15.375, 14.625, 15.75, 14.5 ], "texture": "#mesh_atlas" },
				"north": { "uv": [ 15.625, 11.125, 15.25, 11.5 ], "texture": "#mesh_atlas" },
				"south": { "uv": [ 15.625, 11.125, 16, 11.5 ], "texture": "#mesh_atlas" },
				"west": { "uv": [ 15.875, 15.625, 16, 16 ], "texture": "#mesh_atlas" },
				"east": { "uv": [ 16, 15, 15.875, 15.375 ], "texture": "#mesh_atlas" }
			}
		},
		{
			"__comment": "Voxels",
			"from": [ 6.4, 8, 14.72 ],
			"to": [ 9.28, 9.6, 16 ],
			"faces": {
				"down": { "uv": [ 5.25, 5.5, 6.375, 6 ], "texture": "#mesh_atlas" },
				"up": { "uv": [ 5.25, 5.5, 6.375, 5 ], "texture": "#mesh_atlas" },
				"north": { "uv": [ 6.375, 6.625, 5.25, 7.25 ], "texture": "#mesh_atlas" },
				"south": { "uv": [ 5.25, 6, 6.375, 6.625 ], "texture": "#mesh_atlas" },
				"west": { "uv": [ 15.375, 15.375, 15.875, 16 ], "texture": "#mesh_atlas" },
				"east": { "uv": [ 15.875, 14.75, 15.375, 15.375 ], "texture": "#mesh_atlas" }
			}
		},
		{
			"__comment": "Voxels",
			"from": [ 8.639999, 10.24, 14.72 ],
			"to": [ 9.599999, 11.2, 15.04 ],
			"faces": {
				"down": { "uv": [ 10.375, 10, 10.75, 10.125 ], "texture": "#mesh_atlas" },
				"up": { "uv": [ 10.75, 10.125, 11.125, 10 ], "texture": "#mesh_atlas" },
				"north": { "uv": [ 15.625, 10.75, 15.25, 11.125 ], "texture": "#mesh_atlas" },
				"south": { "uv": [ 15.625, 10.75, 16, 11.125 ], "texture": "#mesh_atlas" },
				"west": { "uv": [ 3.5, 3, 3.625, 3.375 ], "texture": "#mesh_atlas" },
				"east": { "uv": [ 3.625, 3.375, 3.5, 3.75 ], "texture": "#mesh_atlas" }
			}
		},
		{
			"__comment": "Voxels",
			"from": [ 10.56, 0, 3.84 ],
			"to": [ 14.4, 3.84, 9.28 ],
			"faces": {
				"down": { "uv": [ 0, 3.625, 1.5, 5.75 ], "texture": "#mesh_atlas" },
				"up": { "uv": [ 0, 3.625, 1.5, 1.5 ], "texture": "#mesh_atlas" },
				"north": { "uv": [ 5.125, 1.25, 3.625, 2.75 ], "texture": "#mesh_atlas" },
				"south": { "uv": [ 7.375, 10, 8.875, 11.5 ], "texture": "#mesh_atlas" },
				"west": { "uv": [ 5.25, 10, 7.375, 11.5 ], "texture": "#mesh_atlas" },
				"east": { "uv": [ 14.5, 11.5, 12.375, 13 ], "texture": "#mesh_atlas" }
			}
		}
	],
	"display": {
		"head": {
			"translation":  [ 0, -20.16, 0 ],
			"scale":  [ 3, 3, 3 ]
		}
	}
}