{
	"__comment": "Designed by Mrgarretto with Cubik Studio - https://cubik.studio",
	"textures": {
		"mesh_atlas": "atlas/kayak"
	},
	"elements": [ 	 
		{
			"__comment": "Voxels",
			"from": [ -9.272699, 2.7273, 7.6364 ],
			"to": [ 2.727301, 3.454573, 8.727309 ],
			"faces": {
				"down": { "uv": [ 1.4375, 10.125, 3.5, 10.3125 ], "texture": "#mesh_atlas" },
				"up": { "uv": [ 1.4375, 10.5, 3.5, 10.3125 ], "texture": "#mesh_atlas" },
				"north": { "uv": [ 5.5625, 10.125, 3.5, 10.25 ], "texture": "#mesh_atlas" },
				"south": { "uv": [ 1.875, 10, 3.9375, 10.125 ], "texture": "#mesh_atlas" },
				"west": { "uv": [ 3.75, 9.875, 3.9375, 10 ], "texture": "#mesh_atlas" },
				"east": { "uv": [ 7.9375, 8.4375, 7.75, 8.5625 ], "texture": "#mesh_atlas" }
			}
		},
		{
			"__comment": "Voxels",
			"from": [ -8.1818, 2, 6.9091 ],
			"to": [ 2.727291, 3.454545, 7.636373 ],
			"faces": {
				"down": { "uv": [ 3.25, 9.4375, 5.125, 9.5625 ], "texture": "#mesh_atlas" },
				"up": { "uv": [ 1.875, 10, 3.75, 9.875 ], "texture": "#mesh_atlas" },
				"north": { "uv": [ 7.5, 10.5625, 5.625, 10.8125 ], "texture": "#mesh_atlas" },
				"south": { "uv": [ 3.75, 10.5625, 5.625, 10.8125 ], "texture": "#mesh_atlas" },
				"west": { "uv": [ 0, 4.3125, 0.125, 4.5625 ], "texture": "#mesh_atlas" },
				"east": { "uv": [ 0.1875, 4.625, 0.0625, 4.875 ], "texture": "#mesh_atlas" }
			}
		},
		{
			"__comment": "Voxels",
			"from": [ -8.1818, 2, 7.6364 ],
			"to": [ 2.727291, 2.727273, 9.454581 ],
			"faces": {
				"down": { "uv": [ 1.875, 10.5, 3.75, 10.8125 ], "texture": "#mesh_atlas" },
				"up": { "uv": [ 0, 10.8125, 1.875, 10.5 ], "texture": "#mesh_atlas" },
				"north": { "uv": [ 3.75, 9.75, 1.875, 9.875 ], "texture": "#mesh_atlas" },
				"south": { "uv": [ 3.9375, 9.875, 5.8125, 10 ], "texture": "#mesh_atlas" },
				"west": { "uv": [ 7.625, 9.1875, 7.9375, 9.3125 ], "texture": "#mesh_atlas" },
				"east": { "uv": [ 7.5625, 9.25, 7.25, 9.375 ], "texture": "#mesh_atlas" }
			}
		},
		{
			"__comment": "Voxels",
			"from": [ -8.1818, 2.7273, 8.7273 ],
			"to": [ 2.727291, 3.454573, 9.454573 ],
			"faces": {
				"down": { "uv": [ 3.9375, 9.75, 5.8125, 9.875 ], "texture": "#mesh_atlas" },
				"up": { "uv": [ 5.8125, 9.875, 7.6875, 9.75 ], "texture": "#mesh_atlas" },
				"north": { "uv": [ 7.6875, 9.875, 5.8125, 10 ], "texture": "#mesh_atlas" },
				"south": { "uv": [ 3.25, 9.5625, 5.125, 9.6875 ], "texture": "#mesh_atlas" },
				"west": { "uv": [ 0.0625, 3.1875, 0.1875, 3.3125 ], "texture": "#mesh_atlas" },
				"east": { "uv": [ 0.1875, 3.0625, 0.0625, 3.1875 ], "texture": "#mesh_atlas" }
			}
		},
		{
			"__comment": "Voxels",
			"from": [ -7.0909, 1.2727, 6.1818 ],
			"to": [ 2.727282, 3.454518, 6.909073 ],
			"faces": {
				"down": { "uv": [ 5.125, 9.1875, 6.8125, 9.3125 ], "texture": "#mesh_atlas" },
				"up": { "uv": [ 5.125, 9.4375, 6.8125, 9.3125 ], "texture": "#mesh_atlas" },
				"north": { "uv": [ 7.9375, 11.25, 6.25, 11.625 ], "texture": "#mesh_atlas" },
				"south": { "uv": [ 1.5, 10.875, 3.1875, 11.25 ], "texture": "#mesh_atlas" },
				"west": { "uv": [ 7.75, 12.5625, 7.875, 12.9375 ], "texture": "#mesh_atlas" },
				"east": { "uv": [ 0.125, 5.125, 0, 5.5 ], "texture": "#mesh_atlas" }
			}
		},
		{
			"__comment": "Voxels",
			"from": [ -7.0909, 1.2727, 6.9091 ],
			"to": [ 2.727282, 1.999973, 10.18183 ],
			"faces": {
				"down": { "uv": [ 2.875, 11.5, 4.5625, 12.0625 ], "texture": "#mesh_atlas" },
				"up": { "uv": [ 4.5625, 12.0625, 6.25, 11.5 ], "texture": "#mesh_atlas" },
				"north": { "uv": [ 6.8125, 9.4375, 5.125, 9.5625 ], "texture": "#mesh_atlas" },
				"south": { "uv": [ 5.125, 9.5625, 6.8125, 9.6875 ], "texture": "#mesh_atlas" },
				"west": { "uv": [ 7.4375, 13.375, 8, 13.5 ], "texture": "#mesh_atlas" },
				"east": { "uv": [ 7.6875, 8.3125, 7.125, 8.4375 ], "texture": "#mesh_atlas" }
			}
		},
		{
			"__comment": "Voxels",
			"from": [ -7.0909, 2, 9.4545 ],
			"to": [ 2.727282, 3.454545, 10.18177 ],
			"faces": {
				"down": { "uv": [ 3.25, 9.1875, 4.9375, 9.3125 ], "texture": "#mesh_atlas" },
				"up": { "uv": [ 3.25, 9.4375, 4.9375, 9.3125 ], "texture": "#mesh_atlas" },
				"north": { "uv": [ 4.5625, 11.25, 2.875, 11.5 ], "texture": "#mesh_atlas" },
				"south": { "uv": [ 4.5625, 11.25, 6.25, 11.5 ], "texture": "#mesh_atlas" },
				"west": { "uv": [ 7.875, 9.75, 8, 10 ], "texture": "#mesh_atlas" },
				"east": { "uv": [ 0.1875, 4.875, 0.0625, 5.125 ], "texture": "#mesh_atlas" }
			}
		},
		{
			"__comment": "Voxels",
			"from": [ -5.6364, 0.5455, 5.4545 ],
			"to": [ 2.727237, 3.454591, 6.181772 ],
			"faces": {
				"down": { "uv": [ 0, 8.4375, 1.4375, 8.5625 ], "texture": "#mesh_atlas" },
				"up": { "uv": [ 0, 8.6875, 1.4375, 8.5625 ], "texture": "#mesh_atlas" },
				"north": { "uv": [ 6.4375, 12.0625, 5, 12.5625 ], "texture": "#mesh_atlas" },
				"south": { "uv": [ 6.4375, 12.0625, 7.875, 12.5625 ], "texture": "#mesh_atlas" },
				"west": { "uv": [ 7.875, 12.0625, 8, 12.5625 ], "texture": "#mesh_atlas" },
				"east": { "uv": [ 0.125, 5.5, 0, 6 ], "texture": "#mesh_atlas" }
			}
		},
		{
			"__comment": "Voxels",
			"from": [ -5.6364, 0.5455, 6.1818 ],
			"to": [ 2.727237, 1.272773, 10.90907 ],
			"faces": {
				"down": { "uv": [ 0, 11.25, 1.4375, 12.0625 ], "texture": "#mesh_atlas" },
				"up": { "uv": [ 1.4375, 12.0625, 2.875, 11.25 ], "texture": "#mesh_atlas" },
				"north": { "uv": [ 7.1875, 8.5625, 5.75, 8.6875 ], "texture": "#mesh_atlas" },
				"south": { "uv": [ 4.3125, 8.5625, 5.75, 8.6875 ], "texture": "#mesh_atlas" },
				"west": { "uv": [ 6.3125, 8.3125, 7.125, 8.4375 ], "texture": "#mesh_atlas" },
				"east": { "uv": [ 4.6875, 8.3125, 3.875, 8.4375 ], "texture": "#mesh_atlas" }
			}
		},
		{
			"__comment": "Voxels",
			"from": [ -5.6364, 1.2727, 10.1818 ],
			"to": [ 2.727237, 3.454518, 10.90907 ],
			"faces": {
				"down": { "uv": [ 2.875, 8.5625, 4.3125, 8.6875 ], "texture": "#mesh_atlas" },
				"up": { "uv": [ 1.4375, 8.6875, 2.875, 8.5625 ], "texture": "#mesh_atlas" },
				"north": { "uv": [ 1.4375, 10.125, 0, 10.5 ], "texture": "#mesh_atlas" },
				"south": { "uv": [ 6.5, 10.875, 7.9375, 11.25 ], "texture": "#mesh_atlas" },
				"west": { "uv": [ 7.875, 12.5625, 8, 12.9375 ], "texture": "#mesh_atlas" },
				"east": { "uv": [ 7.875, 10.125, 7.75, 10.5 ], "texture": "#mesh_atlas" }
			}
		},
		{
			"__comment": "Voxels",
			"from": [ -4.1818, 1.2727, 4.7273 ],
			"to": [ 19.45456, 3.454518, 5.090936 ],
			"faces": {
				"down": { "uv": [ 3.9375, 10.0625, 8, 10.125 ], "texture": "#mesh_atlas" },
				"up": { "uv": [ 3.9375, 10.0625, 8, 10 ], "texture": "#mesh_atlas" },
				"north": { "uv": [ 4.0625, 12.9375, 0, 13.3125 ], "texture": "#mesh_atlas" },
				"south": { "uv": [ 0, 12.5625, 4.0625, 12.9375 ], "texture": "#mesh_atlas" },
				"west": { "uv": [ 7.9375, 13.5, 8, 13.875 ], "texture": "#mesh_atlas" },
				"east": { "uv": [ 0.0625, 2.9375, 0, 3.3125 ], "texture": "#mesh_atlas" }
			}
		},
		{
			"__comment": "Voxels",
			"from": [ -4.1818, 1.2727, 5.0909 ],
			"to": [ 2.727291, 3.454518, 5.454536 ],
			"faces": {
				"down": { "uv": [ 6.5, 10.8125, 7.6875, 10.875 ], "texture": "#mesh_atlas" },
				"up": { "uv": [ 3.75, 10.5625, 4.9375, 10.5 ], "texture": "#mesh_atlas" },
				"north": { "uv": [ 7.8125, 13.5, 6.625, 13.875 ], "texture": "#mesh_atlas" },
				"south": { "uv": [ 6.625, 14.875, 7.8125, 15.25 ], "texture": "#mesh_atlas" },
				"west": { "uv": [ 7.9375, 11.6875, 8, 12.0625 ], "texture": "#mesh_atlas" },
				"east": { "uv": [ 8, 11.25, 7.9375, 11.625 ], "texture": "#mesh_atlas" }
			}
		},
		{
			"__comment": "Voxels",
			"from": [ -4.1818, 1.2727, 10.9091 ],
			"to": [ 2.727291, 3.454518, 11.63637 ],
			"faces": {
				"down": { "uv": [ 6.375, 8.4375, 7.5625, 8.5625 ], "texture": "#mesh_atlas" },
				"up": { "uv": [ 0, 8.4375, 1.1875, 8.3125 ], "texture": "#mesh_atlas" },
				"north": { "uv": [ 7.8125, 15.625, 6.625, 16 ], "texture": "#mesh_atlas" },
				"south": { "uv": [ 6.625, 15.25, 7.8125, 15.625 ], "texture": "#mesh_atlas" },
				"west": { "uv": [ 7.875, 12.9375, 8, 13.3125 ], "texture": "#mesh_atlas" },
				"east": { "uv": [ 7.875, 12.9375, 7.75, 13.3125 ], "texture": "#mesh_atlas" }
			}
		},
		{
			"__comment": "Voxels",
			"from": [ -2, 0.1818, 4.3636 ],
			"to": [ 17.27273, 3.454527, 4.727236 ],
			"faces": {
				"down": { "uv": [ 3.3125, 9.0625, 6.625, 9.125 ], "texture": "#mesh_atlas" },
				"up": { "uv": [ 0, 9.125, 3.3125, 9.0625 ], "texture": "#mesh_atlas" },
				"north": { "uv": [ 6.625, 13.3125, 3.3125, 13.875 ], "texture": "#mesh_atlas" },
				"south": { "uv": [ 0, 13.3125, 3.3125, 13.875 ], "texture": "#mesh_atlas" },
				"west": { "uv": [ 0.125, 6.375, 0.1875, 6.9375 ], "texture": "#mesh_atlas" },
				"east": { "uv": [ 0.0625, 4.5625, 0, 5.125 ], "texture": "#mesh_atlas" }
			}
		},
		{
			"__comment": "Voxels",
			"from": [ -2, 0.1818, 4.7273 ],
			"to": [ 17.27273, 1.272709, 5.090936 ],
			"faces": {
				"down": { "uv": [ 0, 9.125, 3.3125, 9.1875 ], "texture": "#mesh_atlas" },
				"up": { "uv": [ 3.1875, 10.875, 6.5, 10.8125 ], "texture": "#mesh_atlas" },
				"north": { "uv": [ 6.5, 11.0625, 3.1875, 11.25 ], "texture": "#mesh_atlas" },
				"south": { "uv": [ 3.1875, 10.875, 6.5, 11.0625 ], "texture": "#mesh_atlas" },
				"west": { "uv": [ 7.9375, 10.625, 8, 10.8125 ], "texture": "#mesh_atlas" },
				"east": { "uv": [ 0.1875, 4.375, 0.125, 4.5625 ], "texture": "#mesh_atlas" }
			}
		},
		{
			"__comment": "Voxels",
			"from": [ -2, 0.1818, 5.0909 ],
			"to": [ 17.27273, 0.5454364, 11.99999 ],
			"faces": {
				"down": { "uv": [ 0, 14.8125, 3.3125, 16 ], "texture": "#mesh_atlas" },
				"up": { "uv": [ 3.3125, 16, 6.625, 14.8125 ], "texture": "#mesh_atlas" },
				"north": { "uv": [ 6.625, 9.125, 3.3125, 9.1875 ], "texture": "#mesh_atlas" },
				"south": { "uv": [ 0, 8.9375, 3.3125, 9 ], "texture": "#mesh_atlas" },
				"west": { "uv": [ 1.5, 10.8125, 2.6875, 10.875 ], "texture": "#mesh_atlas" },
				"east": { "uv": [ 7.8125, 14.8125, 6.625, 14.875 ], "texture": "#mesh_atlas" }
			}
		},
		{
			"__comment": "Voxels",
			"from": [ -2, 0.5455, 5.0909 ],
			"to": [ 2.727273, 1.272773, 5.454536 ],
			"faces": {
				"down": { "uv": [ 5.8125, 9.6875, 6.625, 9.75 ], "texture": "#mesh_atlas" },
				"up": { "uv": [ 2.6875, 9.75, 3.5, 9.6875 ], "texture": "#mesh_atlas" },
				"north": { "uv": [ 3.875, 8.3125, 3.0625, 8.4375 ], "texture": "#mesh_atlas" },
				"south": { "uv": [ 7.1875, 8.5625, 8, 8.6875 ], "texture": "#mesh_atlas" },
				"west": { "uv": [ 7.9375, 8.4375, 8, 8.5625 ], "texture": "#mesh_atlas" },
				"east": { "uv": [ 6, 10.125, 5.9375, 10.25 ], "texture": "#mesh_atlas" }
			}
		},
		{
			"__comment": "Voxels",
			"from": [ -2, 0.5455, 10.9091 ],
			"to": [ 2.727273, 1.272773, 12.00001 ],
			"faces": {
				"down": { "uv": [ 6.8125, 9.5, 7.625, 9.6875 ], "texture": "#mesh_atlas" },
				"up": { "uv": [ 6.625, 13.5, 7.4375, 13.3125 ], "texture": "#mesh_atlas" },
				"north": { "uv": [ 5.5, 8.3125, 4.6875, 8.4375 ], "texture": "#mesh_atlas" },
				"south": { "uv": [ 5.5, 8.3125, 6.3125, 8.4375 ], "texture": "#mesh_atlas" },
				"west": { "uv": [ 7.5625, 8.4375, 7.75, 8.5625 ], "texture": "#mesh_atlas" },
				"east": { "uv": [ 3.9375, 9.75, 3.75, 9.875 ], "texture": "#mesh_atlas" }
			}
		},
		{
			"__comment": "Voxels",
			"from": [ -2, 1.2727, 11.6364 ],
			"to": [ 17.27273, 3.454518, 12.00004 ],
			"faces": {
				"down": { "uv": [ 3.3125, 9, 6.625, 9.0625 ], "texture": "#mesh_atlas" },
				"up": { "uv": [ 0, 9.0625, 3.3125, 9 ], "texture": "#mesh_atlas" },
				"north": { "uv": [ 7.375, 12.9375, 4.0625, 13.3125 ], "texture": "#mesh_atlas" },
				"south": { "uv": [ 4.0625, 12.5625, 7.375, 12.9375 ], "texture": "#mesh_atlas" },
				"west": { "uv": [ 0.125, 6, 0.1875, 6.375 ], "texture": "#mesh_atlas" },
				"east": { "uv": [ 8, 10.875, 7.9375, 11.25 ], "texture": "#mesh_atlas" }
			}
		},
		{
			"__comment": "Voxels",
			"from": [ -0.9091, 2.3636, 4 ],
			"to": [ 16.18181, 2.727236, 4.363636 ],
			"faces": {
				"down": { "uv": [ 0, 8.875, 2.9375, 8.9375 ], "texture": "#mesh_atlas" },
				"up": { "uv": [ 2.9375, 8.9375, 5.875, 8.875 ], "texture": "#mesh_atlas" },
				"north": { "uv": [ 6.25, 8.9375, 3.3125, 9 ], "texture": "#mesh_atlas" },
				"south": { "uv": [ 2.9375, 8.75, 5.875, 8.8125 ], "texture": "#mesh_atlas" },
				"west": { "uv": [ 7.8125, 13.3125, 7.875, 13.375 ], "texture": "#mesh_atlas" },
				"east": { "uv": [ 8, 11.625, 7.9375, 11.6875 ], "texture": "#mesh_atlas" }
			}
		},
		{
			"__comment": "Voxels",
			"from": [ -0.9091, 2.3636, 12 ],
			"to": [ 16.18181, 2.727236, 12.36364 ],
			"faces": {
				"down": { "uv": [ 0, 8.6875, 2.9375, 8.75 ], "texture": "#mesh_atlas" },
				"up": { "uv": [ 0, 8.8125, 2.9375, 8.75 ], "texture": "#mesh_atlas" },
				"north": { "uv": [ 5.875, 8.8125, 2.9375, 8.875 ], "texture": "#mesh_atlas" },
				"south": { "uv": [ 0, 8.8125, 2.9375, 8.875 ], "texture": "#mesh_atlas" },
				"west": { "uv": [ 7.9375, 13.3125, 8, 13.375 ], "texture": "#mesh_atlas" },
				"east": { "uv": [ 7.9375, 13.3125, 7.875, 13.375 ], "texture": "#mesh_atlas" }
			}
		},
		{
			"__comment": "Voxels",
			"from": [ 2.7273, 0.5455, 11.2727 ],
			"to": [ 17.27275, 3.454591, 11.63634 ],
			"faces": {
				"down": { "uv": [ 5.4375, 8.6875, 7.9375, 8.75 ], "texture": "#mesh_atlas" },
				"up": { "uv": [ 1.4375, 8.5625, 3.9375, 8.5 ], "texture": "#mesh_atlas" },
				"north": { "uv": [ 5, 12.0625, 2.5, 12.5625 ], "texture": "#mesh_atlas" },
				"south": { "uv": [ 0, 12.0625, 2.5, 12.5625 ], "texture": "#mesh_atlas" },
				"west": { "uv": [ 0, 3.3125, 0.0625, 3.8125 ], "texture": "#mesh_atlas" },
				"east": { "uv": [ 0.1875, 5.5, 0.125, 6 ], "texture": "#mesh_atlas" }
			}
		},
		{
			"__comment": "Voxels",
			"from": [ 2.7273, 0.5455, 11.6364 ],
			"to": [ 17.27275, 1.272773, 12.00004 ],
			"faces": {
				"down": { "uv": [ 1.4375, 8.4375, 3.9375, 8.5 ], "texture": "#mesh_atlas" },
				"up": { "uv": [ 2.9375, 8.75, 5.4375, 8.6875 ], "texture": "#mesh_atlas" },
				"north": { "uv": [ 6, 10.25, 3.5, 10.375 ], "texture": "#mesh_atlas" },
				"south": { "uv": [ 3.5, 10.375, 6, 10.5 ], "texture": "#mesh_atlas" },
				"west": { "uv": [ 7.9375, 9.1875, 8, 9.3125 ], "texture": "#mesh_atlas" },
				"east": { "uv": [ 7.625, 9.25, 7.5625, 9.375 ], "texture": "#mesh_atlas" }
			}
		},
		{
			"__comment": "Voxels",
			"from": [ 6.3636, 0.5455, 5.4545 ],
			"to": [ 20.54542, 0.9091364, 10.90905 ],
			"faces": {
				"down": { "uv": [ 0, 13.875, 2.4375, 14.8125 ], "texture": "#mesh_atlas" },
				"up": { "uv": [ 2.4375, 14.8125, 4.875, 13.875 ], "texture": "#mesh_atlas" },
				"north": { "uv": [ 6.375, 8.5, 3.9375, 8.5625 ], "texture": "#mesh_atlas" },
				"south": { "uv": [ 3.9375, 8.4375, 6.375, 8.5 ], "texture": "#mesh_atlas" },
				"west": { "uv": [ 6.5625, 10.5, 7.5, 10.5625 ], "texture": "#mesh_atlas" },
				"east": { "uv": [ 6.5625, 10.5, 5.625, 10.5625 ], "texture": "#mesh_atlas" }
			}
		},
		{
			"__comment": "Voxels",
			"from": [ 11.8182, 0.9091, 5.4545 ],
			"to": [ 20.54547, 3.454555, 10.90905 ],
			"faces": {
				"down": { "uv": [ 6.375, 13.875, 7.875, 14.8125 ], "texture": "#mesh_atlas" },
				"up": { "uv": [ 4.875, 14.8125, 6.375, 13.875 ], "texture": "#mesh_atlas" },
				"north": { "uv": [ 7.75, 11.625, 6.25, 12.0625 ], "texture": "#mesh_atlas" },
				"south": { "uv": [ 0, 10.8125, 1.5, 11.25 ], "texture": "#mesh_atlas" },
				"west": { "uv": [ 0, 9.6875, 0.9375, 10.125 ], "texture": "#mesh_atlas" },
				"east": { "uv": [ 1.875, 9.6875, 0.9375, 10.125 ], "texture": "#mesh_atlas" }
			}
		},
		{
			"__comment": "Voxels",
			"from": [ 11.8182, 3.4545, 5.4545 ],
			"to": [ 12.54547, 4.181773, 10.90905 ],
			"faces": {
				"down": { "uv": [ 7.875, 13.875, 8, 14.8125 ], "texture": "#mesh_atlas" },
				"up": { "uv": [ 0, 6.9375, 0.125, 6 ], "texture": "#mesh_atlas" },
				"north": { "uv": [ 7.8125, 8.3125, 7.6875, 8.4375 ], "texture": "#mesh_atlas" },
				"south": { "uv": [ 7.8125, 8.3125, 7.9375, 8.4375 ], "texture": "#mesh_atlas" },
				"west": { "uv": [ 2.125, 8.3125, 3.0625, 8.4375 ], "texture": "#mesh_atlas" },
				"east": { "uv": [ 2.125, 8.3125, 1.1875, 8.4375 ], "texture": "#mesh_atlas" }
			}
		},
		{
			"__comment": "Voxels",
			"from": [ 12.5455, 0.5455, 5.0909 ],
			"to": [ 17.27277, 3.454591, 5.454536 ],
			"faces": {
				"down": { "uv": [ 6.625, 9.6875, 7.4375, 9.75 ], "texture": "#mesh_atlas" },
				"up": { "uv": [ 4.75, 9.75, 5.5625, 9.6875 ], "texture": "#mesh_atlas" },
				"north": { "uv": [ 1.625, 9.1875, 0.8125, 9.6875 ], "texture": "#mesh_atlas" },
				"south": { "uv": [ 1.625, 9.1875, 2.4375, 9.6875 ], "texture": "#mesh_atlas" },
				"west": { "uv": [ 0, 3.8125, 0.0625, 4.3125 ], "texture": "#mesh_atlas" },
				"east": { "uv": [ 0.125, 3.8125, 0.0625, 4.3125 ], "texture": "#mesh_atlas" }
			}
		},
		{
			"__comment": "Voxels",
			"from": [ 12.5455, 0.5455, 10.9091 ],
			"to": [ 17.27277, 3.454591, 11.27274 ],
			"faces": {
				"down": { "uv": [ 1.875, 9.6875, 2.6875, 9.75 ], "texture": "#mesh_atlas" },
				"up": { "uv": [ 3.9375, 9.75, 4.75, 9.6875 ], "texture": "#mesh_atlas" },
				"north": { "uv": [ 0.8125, 9.1875, 0, 9.6875 ], "texture": "#mesh_atlas" },
				"south": { "uv": [ 2.4375, 9.1875, 3.25, 9.6875 ], "texture": "#mesh_atlas" },
				"west": { "uv": [ 0.125, 3.8125, 0.1875, 4.3125 ], "texture": "#mesh_atlas" },
				"east": { "uv": [ 0.125, 3.3125, 0.0625, 3.8125 ], "texture": "#mesh_atlas" }
			}
		},
		{
			"__comment": "Voxels",
			"from": [ 17.2727, 1.2727, 5.0909 ],
			"to": [ 19.45452, 3.454518, 5.454536 ],
			"faces": {
				"down": { "uv": [ 7.4375, 13.3125, 7.8125, 13.375 ], "texture": "#mesh_atlas" },
				"up": { "uv": [ 2.6875, 10.875, 3.0625, 10.8125 ], "texture": "#mesh_atlas" },
				"north": { "uv": [ 7.75, 12.5625, 7.375, 12.9375 ], "texture": "#mesh_atlas" },
				"south": { "uv": [ 7.375, 10.125, 7.75, 10.5 ], "texture": "#mesh_atlas" },
				"west": { "uv": [ 0.125, 5.125, 0.1875, 5.5 ], "texture": "#mesh_atlas" },
				"east": { "uv": [ 0.1875, 3.4375, 0.125, 3.8125 ], "texture": "#mesh_atlas" }
			}
		},
		{
			"__comment": "Voxels",
			"from": [ 17.2727, 1.2727, 10.9091 ],
			"to": [ 19.45452, 3.454518, 11.63637 ],
			"faces": {
				"down": { "uv": [ 5.5625, 10.125, 5.9375, 10.25 ], "texture": "#mesh_atlas" },
				"up": { "uv": [ 7.25, 9.5, 7.625, 9.375 ], "texture": "#mesh_atlas" },
				"north": { "uv": [ 8, 9.3125, 7.625, 9.6875 ], "texture": "#mesh_atlas" },
				"south": { "uv": [ 7.375, 12.9375, 7.75, 13.3125 ], "texture": "#mesh_atlas" },
				"west": { "uv": [ 7.875, 10.125, 8, 10.5 ], "texture": "#mesh_atlas" },
				"east": { "uv": [ 7.9375, 13.5, 7.8125, 13.875 ], "texture": "#mesh_atlas" }
			}
		},
		{
			"__comment": "Voxels",
			"from": [ 20.5455, 1.2727, 6.1818 ],
			"to": [ 21.63641, 3.454518, 10.1818 ],
			"faces": {
				"down": { "uv": [ 0, 7.625, 0.1875, 8.3125 ], "texture": "#mesh_atlas" },
				"up": { "uv": [ 0, 7.625, 0.1875, 6.9375 ], "texture": "#mesh_atlas" },
				"north": { "uv": [ 8, 15.625, 7.8125, 16 ], "texture": "#mesh_atlas" },
				"south": { "uv": [ 7.8125, 15.25, 8, 15.625 ], "texture": "#mesh_atlas" },
				"west": { "uv": [ 6.6875, 10.125, 7.375, 10.5 ], "texture": "#mesh_atlas" },
				"east": { "uv": [ 6.6875, 10.125, 6, 10.5 ], "texture": "#mesh_atlas" }
			}
		},
		{
			"__comment": "Voxels",
			"from": [ 21.6364, 2, 6.9091 ],
			"to": [ 22.72731, 3.454545, 9.454555 ],
			"faces": {
				"down": { "uv": [ 7.8125, 14.8125, 8, 15.25 ], "texture": "#mesh_atlas" },
				"up": { "uv": [ 7.75, 12.0625, 7.9375, 11.625 ], "texture": "#mesh_atlas" },
				"north": { "uv": [ 7.875, 9.75, 7.6875, 10 ], "texture": "#mesh_atlas" },
				"south": { "uv": [ 4.9375, 9.1875, 5.125, 9.4375 ], "texture": "#mesh_atlas" },
				"west": { "uv": [ 7.5, 10.5625, 7.9375, 10.8125 ], "texture": "#mesh_atlas" },
				"east": { "uv": [ 7.25, 9.25, 6.8125, 9.5 ], "texture": "#mesh_atlas" }
			}
		}
	],
	"display": {
		"thirdperson_righthand": {
			"rotation":  [ 180, -180, 90 ],
			"translation":  [ 6.2608, 0, 3.4782 ]
		},
		"thirdperson_lefthand": {
			"rotation":  [ 0, -180, 90 ],
			"translation":  [ 6.2608, 0, 3.4782 ]
		},
		"firstperson_righthand": {
			"rotation":  [ 0, -92, -62 ],
			"translation":  [ 6.2608, 3.4789, 0 ]
		},
		"firstperson_lefthand": {
			"rotation":  [ 0, -92, -62 ],
			"translation":  [ 6.2608, 3.4789, 0 ]
		},
		"gui": {
			"rotation":  [ 0, -58, -44 ],
			"translation":  [ 1.3913, 2.0869, 0 ],
			"scale":  [ 0.7, 0.7, 0.8 ]
		},
		"head": {
			"rotation":  [ 0, -90, 0 ],
			"translation":  [ 0, 20, 0 ],
			"scale":  [ 4, 4, 4 ]
		},
		"ground": {
			"rotation":  [ 0, 0, 0 ],
			"translation":  [ 0, 10, 0 ],
			"scale":  [ 2, 2, 2 ]
		}
	}
}