{
"__comment": "Designed by Mrgarretto with BDcraft Cubik PRO 0.96 Beta - http://bdcraft.net",
"textures": {
    "particle": "skin",
    "texture": "skin"
},
"elements": [ 
{
    "from": [ 8, 18.5, 2 ],
    "to": [ 16, 26.5, 10 ],
    "rotation": { "origin": [ 8, 18.5, 2 ], "axis": "y", "angle": -45 },
    "faces": {
        "down":  { "uv": [ 4, 0, 6, 2 ], "texture": "#texture" },
        "up":    { "uv": [ 2, 0, 4, 2 ], "texture": "#texture" },
        "north": { "uv": [ 6, 2, 8, 4 ], "texture": "#texture" },
        "south": { "uv": [ 2, 2, 4, 4 ], "texture": "#texture" },
        "west":  { "uv": [ 0, 2, 2, 4 ], "texture": "#texture" },
        "east":  { "uv": [ 4, 2, 6, 4 ], "texture": "#texture" }
    }
},
{
    "from": [ 8, 18, 1.5 ],
    "to": [ 17, 27, 10.5 ],
    "rotation": { "origin": [ 8, 18, 1.5 ], "axis": "y", "angle": -45 },
    "faces": {
        "down":  { "uv": [ 12, 0, 14, 2 ], "texture": "#texture" },
        "up":    { "uv": [ 10, 0, 12, 2 ], "texture": "#texture" },
        "north": { "uv": [ 14, 2, 16, 4 ], "texture": "#texture" },
        "south": { "uv": [ 10, 2, 12, 4 ], "texture": "#texture" },
        "west":  { "uv": [ 8, 2, 10, 4 ], "texture": "#texture" },
        "east":  { "uv": [ 12, 2, 14, 4 ], "texture": "#texture" }
    }
},
{
    "from": [ 4, 6.5, 6 ],
    "to": [ 12, 18.5, 10 ],
    "faces": {
        "down":  { "uv": [ 7, 4, 9, 5 ], "texture": "#texture" },
        "up":    { "uv": [ 5, 4, 7, 5 ], "texture": "#texture" },
        "north": { "uv": [ 8, 5, 10, 8 ], "texture": "#texture" },
        "south": { "uv": [ 5, 5, 7, 8 ], "texture": "#texture" },
        "west":  { "uv": [ 4, 5, 5, 8 ], "texture": "#texture" },
        "east":  { "uv": [ 7, 5, 8, 8 ], "texture": "#texture" }
    }
},
{
    "from": [ 11, 4, 6.0625 ],
    "to": [ 15, 16, 10.0625 ],
    "rotation": { "origin": [ 11, 16, 6.0625 ], "axis": "z", "angle": 45 },
    "faces": {
        "down":  { "uv": [ 10, 12, 11, 13 ], "texture": "#texture" },
        "up":    { "uv": [ 9, 12, 10, 13 ], "texture": "#texture" },
        "north": { "uv": [ 11, 13, 12, 16 ], "texture": "#texture" },
        "south": { "uv": [ 9, 13, 10, 16 ], "texture": "#texture" },
        "west":  { "uv": [ 8, 13, 9, 16 ], "texture": "#texture" },
        "east":  { "uv": [ 10, 13, 11, 16 ], "texture": "#texture" }
    }
},
{
    "from": [ 2, 7, 6.0625 ],
    "to": [ 6, 19, 10.0625 ],
    "rotation": { "origin": [ 2, 19, 6.0625 ], "axis": "z", "angle": -45 },
    "faces": {
        "down":  { "uv": [ 12, 4, 13, 5 ], "texture": "#texture" },
        "up":    { "uv": [ 11, 4, 12, 5 ], "texture": "#texture" },
        "north": { "uv": [ 13, 5, 14, 8 ], "texture": "#texture" },
        "south": { "uv": [ 11, 5, 12, 8 ], "texture": "#texture" },
        "west":  { "uv": [ 10, 5, 11, 8 ], "texture": "#texture" },
        "east":  { "uv": [ 12, 5, 13, 8 ], "texture": "#texture" }
    }
},
{
    "from": [ 4, -5, 6.0625 ],
    "to": [ 8, 7, 10.0625 ],
    "rotation": { "origin": [ 4, 7, 6.0625 ], "axis": "z", "angle": -22.5 },
    "faces": {
        "down":  { "uv": [ 2, 4, 3, 5 ], "texture": "#texture" },
        "up":    { "uv": [ 1, 4, 2, 5 ], "texture": "#texture" },
        "north": { "uv": [ 3, 5, 4, 8 ], "texture": "#texture" },
        "south": { "uv": [ 1, 5, 2, 8 ], "texture": "#texture" },
        "west":  { "uv": [ 0, 5, 1, 8 ], "texture": "#texture" },
        "east":  { "uv": [ 2, 5, 3, 8 ], "texture": "#texture" }
    }
},
{
    "from": [ 8, -6.5, 6.0625 ],
    "to": [ 12, 5.5, 10.0625 ],
    "rotation": { "origin": [ 8, 5.5, 6.0625 ], "axis": "z", "angle": 22.5 },
    "faces": {
        "down":  { "uv": [ 6, 12, 7, 13 ], "texture": "#texture" },
        "up":    { "uv": [ 5, 12, 6, 13 ], "texture": "#texture" },
        "north": { "uv": [ 7, 13, 8, 16 ], "texture": "#texture" },
        "south": { "uv": [ 5, 13, 6, 16 ], "texture": "#texture" },
        "west":  { "uv": [ 4, 13, 5, 16 ], "texture": "#texture" },
        "east":  { "uv": [ 6, 13, 7, 16 ], "texture": "#texture" }
    }
}
],
"display": {
    "head": {
        "rotation": [ 0, 180, 0 ],
        "translation": [ 0, -24, 0 ],
        "scale": [ 1.6, 1.6, 1.6 ]
    }
}
}