{
	"__comment": "Designed by Mrgarretto with Cubik Studio - https://cubik.studio",
	"textures": {
		"mesh_atlas": "atlas/wave_maker"
	},
	"elements": [ 	 
		{
			"__comment": "Voxels",
			"from": [ 0, 0, 0 ],
			"to": [ 16, 2, 2 ],
			"faces": {
				"down": { "uv": [ 5.5, 14.75, 7.5, 15 ], "texture": "#mesh_atlas" },
				"up": { "uv": [ 5.5, 16, 7.5, 15.75 ], "texture": "#mesh_atlas" },
				"north": { "uv": [ 7.5, 15.5, 5.5, 15.75 ], "texture": "#mesh_atlas" },
				"south": { "uv": [ 5.5, 15.25, 7.5, 15.5 ], "texture": "#mesh_atlas" },
				"west": { "uv": [ 7.25, 13.25, 7.5, 13.5 ], "texture": "#mesh_atlas" },
				"east": { "uv": [ 7.5, 13.5, 7.25, 13.75 ], "texture": "#mesh_atlas" }
			}
		},
		{
			"__comment": "Voxels",
			"from": [ 0, 0, 2 ],
			"to": [ 2, 2, 16 ],
			"faces": {
				"down": { "uv": [ 1.75, 10.75, 2, 12.5 ], "texture": "#mesh_atlas" },
				"up": { "uv": [ 1.75, 10.75, 2, 9 ], "texture": "#mesh_atlas" },
				"north": { "uv": [ 6.25, 11.5, 6, 11.75 ], "texture": "#mesh_atlas" },
				"south": { "uv": [ 7.25, 13.75, 7.5, 14 ], "texture": "#mesh_atlas" },
				"west": { "uv": [ 5.5, 14.25, 7.25, 14.5 ], "texture": "#mesh_atlas" },
				"east": { "uv": [ 7.25, 13.5, 5.5, 13.75 ], "texture": "#mesh_atlas" }
			}
		},
		{
			"__comment": "Voxels",
			"from": [ 0, 2, 0 ],
			"to": [ 2, 16, 2 ],
			"faces": {
				"down": { "uv": [ 7.25, 14.25, 7.5, 14.5 ], "texture": "#mesh_atlas" },
				"up": { "uv": [ 1.25, 8.25, 1.5, 8 ], "texture": "#mesh_atlas" },
				"north": { "uv": [ 5.5, 8, 5.25, 9.75 ], "texture": "#mesh_atlas" },
				"south": { "uv": [ 5.5, 11.5, 5.75, 13.25 ], "texture": "#mesh_atlas" },
				"west": { "uv": [ 4.75, 8, 5, 9.75 ], "texture": "#mesh_atlas" },
				"east": { "uv": [ 6, 11.5, 5.75, 13.25 ], "texture": "#mesh_atlas" }
			}
		},
		{
			"__comment": "Voxels",
			"from": [ 0, 2, 14 ],
			"to": [ 16, 16, 15 ],
			"faces": {
				"down": { "uv": [ 10.25, 15.875, 12.25, 16 ], "texture": "#mesh_atlas" },
				"up": { "uv": [ 8.25, 16, 10.25, 15.875 ], "texture": "#mesh_atlas" },
				"north": { "uv": [ 2, 14.25, 0, 16 ], "texture": "#mesh_atlas" },
				"south": { "uv": [ 0, 12.5, 2, 14.25 ], "texture": "#mesh_atlas" },
				"west": { "uv": [ 8, 9.25, 8.125, 11 ], "texture": "#mesh_atlas" },
				"east": { "uv": [ 8.25, 9.25, 8.125, 11 ], "texture": "#mesh_atlas" }
			}
		},
		{
			"__comment": "Voxels",
			"from": [ 0, 2, 15 ],
			"to": [ 2, 16, 16 ],
			"faces": {
				"down": { "uv": [ 7.25, 12.625, 7.5, 12.75 ], "texture": "#mesh_atlas" },
				"up": { "uv": [ 3.75, 8.125, 4, 8 ], "texture": "#mesh_atlas" },
				"north": { "uv": [ 4.75, 8, 4.5, 9.75 ], "texture": "#mesh_atlas" },
				"south": { "uv": [ 5, 8, 5.25, 9.75 ], "texture": "#mesh_atlas" },
				"west": { "uv": [ 8, 12.75, 8.125, 14.5 ], "texture": "#mesh_atlas" },
				"east": { "uv": [ 8.25, 12.75, 8.125, 14.5 ], "texture": "#mesh_atlas" }
			}
		},
		{
			"__comment": "Voxels",
			"from": [ 0, 14, 2 ],
			"to": [ 16, 15, 4 ],
			"faces": {
				"down": { "uv": [ 5.5, 14.5, 7.5, 14.75 ], "texture": "#mesh_atlas" },
				"up": { "uv": [ 5.5, 15.25, 7.5, 15 ], "texture": "#mesh_atlas" },
				"north": { "uv": [ 10.25, 15.75, 8.25, 15.875 ], "texture": "#mesh_atlas" },
				"south": { "uv": [ 12.25, 15.875, 14.25, 16 ], "texture": "#mesh_atlas" },
				"west": { "uv": [ 4.125, 8, 4.375, 8.125 ], "texture": "#mesh_atlas" },
				"east": { "uv": [ 7.5, 11.375, 7.25, 11.5 ], "texture": "#mesh_atlas" }
			}
		},
		{
			"__comment": "Voxels",
			"from": [ 0, 14, 4 ],
			"to": [ 4, 15, 14 ],
			"faces": {
				"down": { "uv": [ 5, 11, 5.5, 12.25 ], "texture": "#mesh_atlas" },
				"up": { "uv": [ 5, 11, 5.5, 9.75 ], "texture": "#mesh_atlas" },
				"north": { "uv": [ 1.25, 8.125, 0.75, 8.25 ], "texture": "#mesh_atlas" },
				"south": { "uv": [ 0.75, 8, 1.25, 8.125 ], "texture": "#mesh_atlas" },
				"west": { "uv": [ 5.5, 8, 6.75, 8.125 ], "texture": "#mesh_atlas" },
				"east": { "uv": [ 6.75, 8.125, 5.5, 8.25 ], "texture": "#mesh_atlas" }
			}
		},
		{
			"__comment": "Voxels",
			"from": [ 0, 15, 2 ],
			"to": [ 2, 16, 14 ],
			"faces": {
				"down": { "uv": [ 7.5, 14.5, 7.75, 16 ], "texture": "#mesh_atlas" },
				"up": { "uv": [ 7.5, 14.5, 7.75, 13 ], "texture": "#mesh_atlas" },
				"north": { "uv": [ 7.5, 11.25, 7.25, 11.375 ], "texture": "#mesh_atlas" },
				"south": { "uv": [ 7.25, 10.875, 7.5, 11 ], "texture": "#mesh_atlas" },
				"west": { "uv": [ 14.25, 15.5, 15.75, 15.625 ], "texture": "#mesh_atlas" },
				"east": { "uv": [ 14.25, 15.5, 12.75, 15.625 ], "texture": "#mesh_atlas" }
			}
		},
		{
			"__comment": "Voxels",
			"from": [ 1, 2, 2 ],
			"to": [ 15, 14, 4 ],
			"faces": {
				"down": { "uv": [ 5.5, 10.5, 7.25, 10.75 ], "texture": "#mesh_atlas" },
				"up": { "uv": [ 5.5, 10.5, 7.25, 10.25 ], "texture": "#mesh_atlas" },
				"north": { "uv": [ 3.75, 11.5, 2, 13 ], "texture": "#mesh_atlas" },
				"south": { "uv": [ 2, 10, 3.75, 11.5 ], "texture": "#mesh_atlas" },
				"west": { "uv": [ 7.5, 8.5, 7.75, 10 ], "texture": "#mesh_atlas" },
				"east": { "uv": [ 8, 14.5, 7.75, 16 ], "texture": "#mesh_atlas" }
			}
		},
		{
			"__comment": "Voxels",
			"from": [ 1, 2, 4 ],
			"to": [ 15, 12, 14 ],
			"faces": {
				"down": { "uv": [ 3.75, 12.25, 5.5, 13.5 ], "texture": "#mesh_atlas" },
				"up": { "uv": [ 2, 10, 3.75, 8.75 ], "texture": "#mesh_atlas" },
				"north": { "uv": [ 5.5, 14.75, 3.75, 16 ], "texture": "#mesh_atlas" },
				"south": { "uv": [ 3.75, 13.5, 5.5, 14.75 ], "texture": "#mesh_atlas" },
				"west": { "uv": [ 3.75, 11, 5, 12.25 ], "texture": "#mesh_atlas" },
				"east": { "uv": [ 5, 9.75, 3.75, 11 ], "texture": "#mesh_atlas" }
			}
		},
		{
			"__comment": "Voxels",
			"from": [ 1, 12, 4 ],
			"to": [ 4, 14, 14 ],
			"faces": {
				"down": { "uv": [ 4.125, 8.5, 4.5, 9.75 ], "texture": "#mesh_atlas" },
				"up": { "uv": [ 3.75, 9.75, 4.125, 8.5 ], "texture": "#mesh_atlas" },
				"north": { "uv": [ 0.375, 8, 0, 8.25 ], "texture": "#mesh_atlas" },
				"south": { "uv": [ 0.375, 8, 0.75, 8.25 ], "texture": "#mesh_atlas" },
				"west": { "uv": [ 5.5, 8.25, 6.75, 8.5 ], "texture": "#mesh_atlas" },
				"east": { "uv": [ 6.75, 8.5, 5.5, 8.75 ], "texture": "#mesh_atlas" }
			}
		},
		{
			"__comment": "Voxels",
			"from": [ 2, 0, 14 ],
			"to": [ 16, 2, 16 ],
			"faces": {
				"down": { "uv": [ 5.5, 13.75, 7.25, 14 ], "texture": "#mesh_atlas" },
				"up": { "uv": [ 5.5, 10.25, 7.25, 10 ], "texture": "#mesh_atlas" },
				"north": { "uv": [ 7.25, 14, 5.5, 14.25 ], "texture": "#mesh_atlas" },
				"south": { "uv": [ 5.5, 10.75, 7.25, 11 ], "texture": "#mesh_atlas" },
				"west": { "uv": [ 7.25, 14, 7.5, 14.25 ], "texture": "#mesh_atlas" },
				"east": { "uv": [ 7.5, 13, 7.25, 13.25 ], "texture": "#mesh_atlas" }
			}
		},
		{
			"__comment": "Voxels",
			"from": [ 2, 1, 2 ],
			"to": [ 16, 2, 14 ],
			"faces": {
				"down": { "uv": [ 2, 14.5, 3.75, 16 ], "texture": "#mesh_atlas" },
				"up": { "uv": [ 2, 14.5, 3.75, 13 ], "texture": "#mesh_atlas" },
				"north": { "uv": [ 16, 15.875, 14.25, 16 ], "texture": "#mesh_atlas" },
				"south": { "uv": [ 10.25, 15.75, 12, 15.875 ], "texture": "#mesh_atlas" },
				"west": { "uv": [ 9.75, 15.5, 11.25, 15.625 ], "texture": "#mesh_atlas" },
				"east": { "uv": [ 9.75, 15.5, 8.25, 15.625 ], "texture": "#mesh_atlas" }
			}
		},
		{
			"__comment": "Voxels",
			"from": [ 2, 2, 1 ],
			"to": [ 16, 16, 2 ],
			"faces": {
				"down": { "uv": [ 12, 15.75, 13.75, 15.875 ], "texture": "#mesh_atlas" },
				"up": { "uv": [ 13.75, 15.875, 15.5, 15.75 ], "texture": "#mesh_atlas" },
				"north": { "uv": [ 1.75, 9, 0, 10.75 ], "texture": "#mesh_atlas" },
				"south": { "uv": [ 0, 10.75, 1.75, 12.5 ], "texture": "#mesh_atlas" },
				"west": { "uv": [ 8, 11, 8.125, 12.75 ], "texture": "#mesh_atlas" },
				"east": { "uv": [ 8.25, 11, 8.125, 12.75 ], "texture": "#mesh_atlas" }
			}
		},
		{
			"__comment": "Voxels",
			"from": [ 2, 14, 0 ],
			"to": [ 16, 16, 1 ],
			"faces": {
				"down": { "uv": [ 8.25, 15.625, 10, 15.75 ], "texture": "#mesh_atlas" },
				"up": { "uv": [ 10, 15.75, 11.75, 15.625 ], "texture": "#mesh_atlas" },
				"north": { "uv": [ 7.25, 11, 5.5, 11.25 ], "texture": "#mesh_atlas" },
				"south": { "uv": [ 5.5, 11.25, 7.25, 11.5 ], "texture": "#mesh_atlas" },
				"west": { "uv": [ 1.875, 8.75, 2, 9 ], "texture": "#mesh_atlas" },
				"east": { "uv": [ 2, 8.5, 1.875, 8.75 ], "texture": "#mesh_atlas" }
			}
		},
		{
			"__comment": "Voxels",
			"from": [ 2, 14, 15 ],
			"to": [ 16, 16, 16 ],
			"faces": {
				"down": { "uv": [ 11.75, 15.625, 13.5, 15.75 ], "texture": "#mesh_atlas" },
				"up": { "uv": [ 13.5, 15.75, 15.25, 15.625 ], "texture": "#mesh_atlas" },
				"north": { "uv": [ 7.25, 13.25, 5.5, 13.5 ], "texture": "#mesh_atlas" },
				"south": { "uv": [ 5.5, 9.75, 7.25, 10 ], "texture": "#mesh_atlas" },
				"west": { "uv": [ 1.875, 8, 2, 8.25 ], "texture": "#mesh_atlas" },
				"east": { "uv": [ 2, 8.25, 1.875, 8.5 ], "texture": "#mesh_atlas" }
			}
		},
		{
			"__comment": "Voxels",
			"from": [ 4, 12, 12 ],
			"to": [ 15, 15, 14 ],
			"faces": {
				"down": { "uv": [ 5.5, 9, 6.875, 9.25 ], "texture": "#mesh_atlas" },
				"up": { "uv": [ 5.5, 9, 6.875, 8.75 ], "texture": "#mesh_atlas" },
				"north": { "uv": [ 3.375, 8, 2, 8.375 ], "texture": "#mesh_atlas" },
				"south": { "uv": [ 2, 8.375, 3.375, 8.75 ], "texture": "#mesh_atlas" },
				"west": { "uv": [ 3.75, 8.125, 4, 8.5 ], "texture": "#mesh_atlas" },
				"east": { "uv": [ 4.375, 8.125, 4.125, 8.5 ], "texture": "#mesh_atlas" }
			}
		},
		{
			"__comment": "Voxels",
			"from": [ 5, 12, 5 ],
			"to": [ 11, 16, 11 ],
			"faces": {
				"down": { "uv": [ 0, 8.25, 0.75, 9 ], "texture": "#mesh_atlas" },
				"up": { "uv": [ 0.75, 9, 1.5, 8.25 ], "texture": "#mesh_atlas" },
				"north": { "uv": [ 7, 9.25, 6.25, 9.75 ], "texture": "#mesh_atlas" },
				"south": { "uv": [ 5.5, 9.25, 6.25, 9.75 ], "texture": "#mesh_atlas" },
				"west": { "uv": [ 6.625, 11.5, 7.375, 12 ], "texture": "#mesh_atlas" },
				"east": { "uv": [ 7.375, 12, 6.625, 12.5 ], "texture": "#mesh_atlas" }
			}
		},
		{
			"__comment": "Voxels",
			"from": [ 12, 12, 4 ],
			"to": [ 15, 15, 12 ],
			"faces": {
				"down": { "uv": [ 6.25, 11.5, 6.625, 12.5 ], "texture": "#mesh_atlas" },
				"up": { "uv": [ 1.5, 9, 1.875, 8 ], "texture": "#mesh_atlas" },
				"north": { "uv": [ 3.75, 8.375, 3.375, 8.75 ], "texture": "#mesh_atlas" },
				"south": { "uv": [ 3.375, 8, 3.75, 8.375 ], "texture": "#mesh_atlas" },
				"west": { "uv": [ 6.25, 12.5, 7.25, 12.875 ], "texture": "#mesh_atlas" },
				"east": { "uv": [ 7.25, 12.875, 6.25, 13.25 ], "texture": "#mesh_atlas" }
			}
		},
		{
			"__comment": "Voxels",
			"from": [ 14, 0, 2 ],
			"to": [ 16, 1, 14 ],
			"faces": {
				"down": { "uv": [ 7.75, 8.5, 8, 10 ], "texture": "#mesh_atlas" },
				"up": { "uv": [ 7.75, 11.5, 8, 10 ], "texture": "#mesh_atlas" },
				"north": { "uv": [ 7.5, 10.625, 7.25, 10.75 ], "texture": "#mesh_atlas" },
				"south": { "uv": [ 7.25, 10.5, 7.5, 10.625 ], "texture": "#mesh_atlas" },
				"west": { "uv": [ 11.375, 15.375, 12.875, 15.5 ], "texture": "#mesh_atlas" },
				"east": { "uv": [ 11.375, 15.375, 9.875, 15.5 ], "texture": "#mesh_atlas" }
			}
		},
		{
			"__comment": "Voxels",
			"from": [ 14, 2, 0 ],
			"to": [ 16, 14, 1 ],
			"faces": {
				"down": { "uv": [ 7.25, 12.5, 7.5, 12.625 ], "texture": "#mesh_atlas" },
				"up": { "uv": [ 7.25, 10.875, 7.5, 10.75 ], "texture": "#mesh_atlas" },
				"north": { "uv": [ 8, 13, 7.75, 14.5 ], "texture": "#mesh_atlas" },
				"south": { "uv": [ 7.5, 10, 7.75, 11.5 ], "texture": "#mesh_atlas" },
				"west": { "uv": [ 8.25, 14, 8.375, 15.5 ], "texture": "#mesh_atlas" },
				"east": { "uv": [ 8.375, 9.5, 8.25, 11 ], "texture": "#mesh_atlas" }
			}
		},
		{
			"__comment": "Voxels",
			"from": [ 14, 2, 15 ],
			"to": [ 16, 14, 16 ],
			"faces": {
				"down": { "uv": [ 7.25, 12.875, 7.5, 13 ], "texture": "#mesh_atlas" },
				"up": { "uv": [ 7.25, 12.875, 7.5, 12.75 ], "texture": "#mesh_atlas" },
				"north": { "uv": [ 7.75, 11.5, 7.5, 13 ], "texture": "#mesh_atlas" },
				"south": { "uv": [ 6, 11.75, 6.25, 13.25 ], "texture": "#mesh_atlas" },
				"west": { "uv": [ 8.25, 11, 8.375, 12.5 ], "texture": "#mesh_atlas" },
				"east": { "uv": [ 8.375, 12.5, 8.25, 14 ], "texture": "#mesh_atlas" }
			}
		},
		{
			"__comment": "Voxels",
			"from": [ 14, 15, 2 ],
			"to": [ 16, 16, 14 ],
			"faces": {
				"down": { "uv": [ 8, 14.5, 8.25, 16 ], "texture": "#mesh_atlas" },
				"up": { "uv": [ 7.75, 13, 8, 11.5 ], "texture": "#mesh_atlas" },
				"north": { "uv": [ 7.5, 11.125, 7.25, 11.25 ], "texture": "#mesh_atlas" },
				"south": { "uv": [ 7.25, 11, 7.5, 11.125 ], "texture": "#mesh_atlas" },
				"west": { "uv": [ 8.375, 15.375, 9.875, 15.5 ], "texture": "#mesh_atlas" },
				"east": { "uv": [ 12.75, 15.5, 11.25, 15.625 ], "texture": "#mesh_atlas" }
			}
		},
		{
			"__comment": "Voxels",
			"from": [ 15, 14, 4 ],
			"to": [ 16, 15, 14 ],
			"faces": {
				"down": { "uv": [ 8.125, 8, 8.25, 9.25 ], "texture": "#mesh_atlas" },
				"up": { "uv": [ 8, 9.25, 8.125, 8 ], "texture": "#mesh_atlas" },
				"north": { "uv": [ 4.125, 8.375, 4, 8.5 ], "texture": "#mesh_atlas" },
				"south": { "uv": [ 4, 8.25, 4.125, 8.375 ], "texture": "#mesh_atlas" },
				"west": { "uv": [ 12.875, 15.375, 14.125, 15.5 ], "texture": "#mesh_atlas" },
				"east": { "uv": [ 15.375, 15.375, 14.125, 15.5 ], "texture": "#mesh_atlas" }
			}
		}
	],
	"display": {
		"thirdperson_righthand": {
			"rotation":  [ 56, 50, 6 ],
			"translation":  [ 0, 2.0869, 2.0869 ],
			"scale":  [ 0.3, 0.3, 0.3 ]
		},
		"thirdperson_lefthand": {
			"rotation":  [ 56, 50, 6 ],
			"translation":  [ 0, 2.0869, 2.0869 ],
			"scale":  [ 0.3, 0.3, 0.3 ]
		},
		"firstperson_righthand": {
			"rotation":  [ 28, 25, 0 ],
			"translation":  [ -1.391, 4.1739, 2.0869 ],
			"scale":  [ 0.3, 0.3, 0.3 ]
		},
		"gui": {
			"rotation":  [ 22.5, 45, 0 ],
			"translation":  [ 0, 0, 0 ],
			"scale":  [ 0.6, 0.6, 0.6 ]
		},
		"firstperson_lefthand": {
			"rotation":  [ 28, 25, 0 ],
			"translation":  [ -1.391, 4.1739, 2.0869 ],
			"scale":  [ 0.3, 0.3, 0.3 ]
		},
		"ground": {
			"translation":  [ 0, 8.3478, 0 ],
			"scale": [0.6, 0.6, 0.6]
		}
	}
}